<?xml version="1.0" encoding="UTF-8"?>
<TEI xmlns="http://www.tei-c.org/ns/1.0" xmlns:hal="http://hal.archives-ouvertes.fr/"><teiHeader><fileDesc><titleStmt><title>HAL TEI export of lirmm-00090366</title></titleStmt><publicationStmt><distributor>CCSD</distributor><availability status="restricted"><licence target="http://creativecommons.org/licenses/by/4.0/">Distributed under a Creative Commons Attribution 4.0 International License</licence></availability><date when="2015-03-04T18:37:49+01:00"/></publicationStmt><sourceDesc><p part="N">HAL API platform</p></sourceDesc></fileDesc></teiHeader><text><body><listBibl><biblFull><titleStmt><title xml:lang="und">A Full RNS Implementation of RSA</title><author role="aut"><persName><forename type="first">Laurent</forename><surname>Imbert</surname></persName><email>Laurent.Imbert@lirmm.fr</email><ptr type="url" target="http://www.lirmm.fr/~imbert"/><idno type="halauthor">832412</idno><affiliation ref="#struct-371989"/></author><author role="aut"><persName><forename type="first">Jean-Claude</forename><surname>Bajard</surname></persName><email>bajard@lirmm.fr</email><idno type="halauthor">832507</idno><affiliation ref="#struct-371989"/></author><editor role="depositor"><persName><forename>Christine</forename><surname>Carvalho De Matos</surname></persName><email>carvalho@lirmm.fr</email></editor></titleStmt><editionStmt><edition n="v1" type="current"><date type="whenSubmitted">2006-08-30 11:59:30</date><date type="whenWritten">2002</date><date type="whenModified">2006-10-05 15:27:30</date><date type="whenReleased">2006-10-05 15:27:30</date><date type="whenProduced">2002</date><ref type="file" target="/lirmm-00090366/document"/></edition><respStmt><resp>contributor</resp><name key="103102"><persName><forename>Christine</forename><surname>Carvalho De Matos</surname></persName><email>carvalho@lirmm.fr</email></name></respStmt></editionStmt><publicationStmt><distributor>CCSD</distributor><idno type="halId">lirmm-00090366</idno><idno type="halUri">/lirmm-00090366</idno><idno type="halBibtex">imbert:lirmm-00090366</idno><idno type="halRefHtml">02068, 2002</idno><idno type="halRef">02068, 2002</idno></publicationStmt><seriesStmt><idno type="stamp" n="CNRS">CNRS - Centre national de la recherche scientifique</idno><idno type="stamp" n="UNIV-MONTP2">Université Montpellier II - Sciences et Techniques du Languedoc</idno></seriesStmt><notesStmt><note type="commentary">Nombres Images et Mots</note><note type="audience" n="0">Not set</note></notesStmt><sourceDesc><biblStruct><analytic><title xml:lang="und">A Full RNS Implementation of RSA</title><author role="aut"><persName><forename type="first">Laurent</forename><surname>Imbert</surname></persName><email>Laurent.Imbert@lirmm.fr</email><ptr type="url" target="http://www.lirmm.fr/~imbert"/><idno type="halAuthorId">832412</idno><affiliation ref="#struct-371989"/></author><author role="aut"><persName><forename type="first">Jean-Claude</forename><surname>Bajard</surname></persName><email>bajard@lirmm.fr</email><idno type="halAuthorId">832507</idno><affiliation ref="#struct-371989"/></author></analytic><monogr><idno type="reportNumber">02068</idno><idno type="localRef">7355</idno><meeting><settlement>Laboratoire d'Informatique, de Robotique et Microélectronique de Montpellier</settlement></meeting><imprint><biblScope unit="issue">02068</biblScope><date type="datePub">2002</date></imprint></monogr></biblStruct></sourceDesc><profileDesc><langUsage><language ident="en">English</language></langUsage><textClass><classCode scheme="halDomain" n="info.info-oh">Computer Science/Other</classCode><classCode scheme="halTypology" n="REPORT">Reports</classCode></textClass><abstract xml:lang="und">N/A</abstract></profileDesc></biblFull></listBibl></body><back><listOrg type="structures"><org type="researchteam" xml:id="struct-371989"><orgName>INFO/ARITH</orgName><desc><address><country key="FR"/></address></desc><listRelation><relation active="#struct-181" type="direct"/><relation name="UMR5506" active="#struct-300000" type="indirect"/><relation active="#struct-300286" type="indirect"/></listRelation></org>
<org type="laboratory" xml:id="struct-181"><orgName>Laboratoire d'Informatique de Robotique et de Microélectronique de Montpellier</orgName><orgName type="acronym">LIRMM</orgName><desc><address><addrLine>CC 477, 161 rue Ada, 34095 Montpellier Cedex 5</addrLine><country key="FR"/></address><ref type="url">http://www.lirmm.fr</ref></desc><listRelation><relation name="UMR5506" active="#struct-300000" type="direct"/><relation active="#struct-300286" type="direct"/></listRelation></org>
<org type="institution" xml:id="struct-300000"><orgName>CNRS</orgName><desc><address><country key="FR"/></address></desc></org>
<org type="institution" xml:id="struct-300286"><orgName>Université Montpellier II - Sciences et techniques</orgName><desc><address><country key="FR"/></address></desc></org>
</listOrg></back></text></TEI>