[{"fields": {"model": "logentry", "app_label": "admin"}, "model": "contenttypes.contenttype", "pk": 1}, {"fields": {"model": "permission", "app_label": "auth"}, "model": "contenttypes.contenttype", "pk": 2}, {"fields": {"model": "group", "app_label": "auth"}, "model": "contenttypes.contenttype", "pk": 3}, {"fields": {"model": "user", "app_label": "auth"}, "model": "contenttypes.contenttype", "pk": 4}, {"fields": {"model": "contenttype", "app_label": "contenttypes"}, "model": "contenttypes.contenttype", "pk": 5}, {"fields": {"model": "session", "app_label": "sessions"}, "model": "contenttypes.contenttype", "pk": 6}, {"fields": {"model": "site", "app_label": "sites"}, "model": "contenttypes.contenttype", "pk": 7}, {"fields": {"model": "emailaddress", "app_label": "account"}, "model": "contenttypes.contenttype", "pk": 8}, {"fields": {"model": "emailconfirmation", "app_label": "account"}, "model": "contenttypes.contenttype", "pk": 9}, {"fields": {"model": "socialapp", "app_label": "socialaccount"}, "model": "contenttypes.contenttype", "pk": 10}, {"fields": {"model": "socialaccount", "app_label": "socialaccount"}, "model": "contenttypes.contenttype", "pk": 11}, {"fields": {"model": "socialtoken", "app_label": "socialaccount"}, "model": "contenttypes.contenttype", "pk": 12}, {"fields": {"model": "accessstatistics", "app_label": "statistics"}, "model": "contenttypes.contenttype", "pk": 13}, {"fields": {"model": "publisher", "app_label": "publishers"}, "model": "contenttypes.contenttype", "pk": 14}, {"fields": {"model": "journal", "app_label": "publishers"}, "model": "contenttypes.contenttype", "pk": 15}, {"fields": {"model": "publishercondition", "app_label": "publishers"}, "model": "contenttypes.contenttype", "pk": 16}, {"fields": {"model": "publishercopyrightlink", "app_label": "publishers"}, "model": "contenttypes.contenttype", "pk": 17}, {"fields": {"model": "publisherrestrictiondetail", "app_label": "publishers"}, "model": "contenttypes.contenttype", "pk": 18}, {"fields": {"model": "aliaspublisher", "app_label": "publishers"}, "model": "contenttypes.contenttype", "pk": 19}, {"fields": {"model": "institution", "app_label": "papers"}, "model": "contenttypes.contenttype", "pk": 20}, {"fields": {"model": "department", "app_label": "papers"}, "model": "contenttypes.contenttype", "pk": 21}, {"fields": {"model": "namevariant", "app_label": "papers"}, "model": "contenttypes.contenttype", "pk": 22}, {"fields": {"model": "researcher", "app_label": "papers"}, "model": "contenttypes.contenttype", "pk": 23}, {"fields": {"model": "name", "app_label": "papers"}, "model": "contenttypes.contenttype", "pk": 24}, {"fields": {"model": "paper", "app_label": "papers"}, "model": "contenttypes.contenttype", "pk": 25}, {"fields": {"model": "author", "app_label": "papers"}, "model": "contenttypes.contenttype", "pk": 26}, {"fields": {"model": "publication", "app_label": "papers"}, "model": "contenttypes.contenttype", "pk": 27}, {"fields": {"model": "oaisource", "app_label": "papers"}, "model": "contenttypes.contenttype", "pk": 28}, {"fields": {"model": "oairecord", "app_label": "papers"}, "model": "contenttypes.contenttype", "pk": 29}, {"fields": {"model": "paperworld", "app_label": "papers"}, "model": "contenttypes.contenttype", "pk": 30}, {"fields": {"model": "annotation", "app_label": "papers"}, "model": "contenttypes.contenttype", "pk": 31}, {"fields": {"model": "uploadedpdf", "app_label": "upload"}, "model": "contenttypes.contenttype", "pk": 32}, {"fields": {"model": "repository", "app_label": "deposit"}, "model": "contenttypes.contenttype", "pk": 33}, {"fields": {"model": "depositrecord", "app_label": "deposit"}, "model": "contenttypes.contenttype", "pk": 34}, {"fields": {"model": "notification", "app_label": "notification"}, "model": "contenttypes.contenttype", "pk": 35}, {"fields": {"model": "notificationarchive", "app_label": "notification"}, "model": "contenttypes.contenttype", "pk": 36}, {"fields": {"model": "inbox", "app_label": "notification"}, "model": "contenttypes.contenttype", "pk": 37}, {"fields": {"domain": "example.com", "name": "example.com"}, "model": "sites.site", "pk": 1}, {"fields": {"num_oa": 0, "num_couldbe": 0, "num_ok": 0, "num_closed": 0, "num_unk": 0, "num_tot": 0}, "model": "statistics.accessstatistics", "pk": 1}, {"fields": {"num_oa": 0, "num_couldbe": 0, "num_ok": 0, "num_closed": 0, "num_unk": 0, "num_tot": 0}, "model": "statistics.accessstatistics", "pk": 2}, {"fields": {"num_oa": 0, "num_couldbe": 8, "num_ok": 10, "num_closed": 0, "num_unk": 7, "num_tot": 25}, "model": "statistics.accessstatistics", "pk": 3}, {"fields": {"num_oa": 0, "num_couldbe": 0, "num_ok": 0, "num_closed": 0, "num_unk": 0, "num_tot": 0}, "model": "statistics.accessstatistics", "pk": 4}, {"fields": {"num_oa": 0, "num_couldbe": 0, "num_ok": 0, "num_closed": 0, "num_unk": 0, "num_tot": 0}, "model": "statistics.accessstatistics", "pk": 5}, {"fields": {"num_oa": 0, "num_couldbe": 2, "num_ok": 1, "num_closed": 0, "num_unk": 0, "num_tot": 3}, "model": "statistics.accessstatistics", "pk": 6}, {"fields": {"num_oa": 0, "num_couldbe": 6, "num_ok": 3, "num_closed": 0, "num_unk": 0, "num_tot": 9}, "model": "statistics.accessstatistics", "pk": 7}, {"fields": {"num_oa": 0, "num_couldbe": 1, "num_ok": 0, "num_closed": 0, "num_unk": 0, "num_tot": 1}, "model": "statistics.accessstatistics", "pk": 8}, {"fields": {"num_oa": 0, "num_couldbe": 6, "num_ok": 3, "num_closed": 0, "num_unk": 0, "num_tot": 9}, "model": "statistics.accessstatistics", "pk": 9}, {"fields": {"num_oa": 0, "num_couldbe": 8, "num_ok": 10, "num_closed": 0, "num_unk": 7, "num_tot": 25}, "model": "statistics.accessstatistics", "pk": 10}, {"fields": {"num_oa": 0, "num_couldbe": 0, "num_ok": 0, "num_closed": 0, "num_unk": 0, "num_tot": 0}, "model": "statistics.accessstatistics", "pk": 11}, {"fields": {"num_oa": 0, "num_couldbe": 8, "num_ok": 10, "num_closed": 0, "num_unk": 7, "num_tot": 25}, "model": "statistics.accessstatistics", "pk": 12}, {"fields": {"preprint": "can", "name": "Association for Computing Machinery", "postprint": "can", "url": "http://www.acm.org/", "alias": "ACM", "romeo_id": "21", "oa_status": "OK", "stats": 6, "pdfversion": "cannot"}, "model": "publishers.publisher", "pk": 1}, {"fields": {"preprint": "can", "name": "Springer Verlag", "postprint": "can", "url": "http://www.springerlink.com/?MUD=MP", "alias": "Germany", "romeo_id": "74", "oa_status": "OK", "stats": 7, "pdfversion": "cannot"}, "model": "publishers.publisher", "pk": 2}, {"fields": {"preprint": "can", "name": "Institute of Electrical and Electronics Engineers", "postprint": "can", "url": "http://www.ieee.org/index.html", "alias": "IEEE", "romeo_id": "38", "oa_status": "OK", "stats": 8, "pdfversion": "cannot"}, "model": "publishers.publisher", "pk": 3}, {"fields": {"publisher": 2, "issn": "0302-9743", "last_updated": "2016-01-08T22:04:52.805Z", "stats": 9, "title": "Lecture Notes in Computer Science"}, "model": "publishers.journal", "pk": 1}, {"fields": {"publisher": 1, "text": "Author's pre-print on non-peer review servers prior to submission to journal"}, "model": "publishers.publishercondition", "pk": 1}, {"fields": {"publisher": 1, "text": "Author's pre-prints can be deposited on public repositories as long as accompanied by ACM copyright notice upon transfer of copyright"}, "model": "publishers.publishercondition", "pk": 2}, {"fields": {"publisher": 1, "text": "Author's Post-print on author's personal website, institutional repository, employer's website or funder's mandated repository only"}, "model": "publishers.publishercondition", "pk": 3}, {"fields": {"publisher": 1, "text": "Non commercial use"}, "model": "publishers.publishercondition", "pk": 4}, {"fields": {"publisher": 1, "text": "Publisher's version/PDF cannot be used"}, "model": "publishers.publishercondition", "pk": 5}, {"fields": {"publisher": 1, "text": "Publisher copyright and source must be acknowledged"}, "model": "publishers.publishercondition", "pk": 6}, {"fields": {"publisher": 1, "text": "Must link to publisher version with statement that this is the definitive version and DOI"}, "model": "publishers.publishercondition", "pk": 7}, {"fields": {"publisher": 1, "text": "Must state that version on repository is the authors version"}, "model": "publishers.publishercondition", "pk": 8}, {"fields": {"publisher": 1, "text": "Set statement \"&#169; ACM, YYYY. This is the author's version of the work. It is posted here by permission of ACM for your personal use. Not for redistribution. The definitive version was published in PUBLICATION, {VOL#, ISS#, (DATE)} http://doi.acm.org/10.1145/nnnnnn.nnnnnn\""}, "model": "publishers.publishercondition", "pk": 9}, {"fields": {"publisher": 2, "text": "Author's pre-print on pre-print servers such as arXiv.org"}, "model": "publishers.publishercondition", "pk": 10}, {"fields": {"publisher": 2, "text": "Author's post-print on author's personal website immediately"}, "model": "publishers.publishercondition", "pk": 11}, {"fields": {"publisher": 2, "text": "Author's post-print on any open access repository after <num>12</num> <period units=\"month\">months</period> after publication"}, "model": "publishers.publishercondition", "pk": 12}, {"fields": {"publisher": 2, "text": "Publisher's version/PDF cannot be used"}, "model": "publishers.publishercondition", "pk": 13}, {"fields": {"publisher": 2, "text": "Published source must be acknowledged"}, "model": "publishers.publishercondition", "pk": 14}, {"fields": {"publisher": 2, "text": "Must link to publisher version"}, "model": "publishers.publishercondition", "pk": 15}, {"fields": {"publisher": 2, "text": "Set phrase to accompany link to published version (see policy)"}, "model": "publishers.publishercondition", "pk": 16}, {"fields": {"publisher": 2, "text": "Articles in some journals can be made Open Access on payment of additional charge"}, "model": "publishers.publishercondition", "pk": 17}, {"fields": {"publisher": 3, "text": "Author's pre-print on Author's personal website, employers website or publicly accessible server"}, "model": "publishers.publishercondition", "pk": 18}, {"fields": {"publisher": 3, "text": "Author's post-print on Author's server or Institutional server"}, "model": "publishers.publishercondition", "pk": 19}, {"fields": {"publisher": 3, "text": "Author's pre-print must be removed upon publication of final version and replaced with either full citation to IEEE work with a Digital Object Identifier or link to article abstract in IEEE Xplore or replaced with Authors post-print"}, "model": "publishers.publishercondition", "pk": 20}, {"fields": {"publisher": 3, "text": "Author's pre-print must be accompanied with set-phrase, once submitted to IEEE for publication (\"This work has been submitted to the IEEE for possible publication. Copyright may be transferred without notice, after which this version may no longer be accessible\")"}, "model": "publishers.publishercondition", "pk": 21}, {"fields": {"publisher": 3, "text": "Author's pre-print must be accompanied with set-phrase, when accepted by IEEE for publication (\"(c) 20xx IEEE. Personal use of this material is permitted. Permission from IEEE must be obtained for all other users, including reprinting/ republishing this material for advertising or promotional purposes, creating new collective works for resale or redistribution to servers or lists, or reuse of any copyrighted components of this work in other works.\")"}, "model": "publishers.publishercondition", "pk": 22}, {"fields": {"publisher": 3, "text": "IEEE must be informed as to the electronic address of the pre-print"}, "model": "publishers.publishercondition", "pk": 23}, {"fields": {"publisher": 3, "text": "If funding rules apply authors may post Author's post-print version in funder's designated repository"}, "model": "publishers.publishercondition", "pk": 24}, {"fields": {"publisher": 3, "text": "Author's Post-print - Publisher copyright and source must be acknowledged with citation (see above set statement)"}, "model": "publishers.publishercondition", "pk": 25}, {"fields": {"publisher": 3, "text": "Author's Post-print - Must link to publisher version with DOI"}, "model": "publishers.publishercondition", "pk": 26}, {"fields": {"publisher": 3, "text": "Publisher's version/PDF cannot be used"}, "model": "publishers.publishercondition", "pk": 27}, {"fields": {"publisher": 3, "text": "Publisher copyright and source must be acknowledged"}, "model": "publishers.publishercondition", "pk": 28}, {"fields": {"url": "http://authors.acm.org/", "publisher": 1, "text": "Policy"}, "model": "publishers.publishercopyrightlink", "pk": 1}, {"fields": {"url": "http://www.springer.com/gp/open-access/authors-rights/self-archiving-policy/2124", "publisher": 2, "text": "Self-archiving policy"}, "model": "publishers.publishercopyrightlink", "pk": 2}, {"fields": {"url": "http://www.springer.com/gp/open-access/authors-rights", "publisher": 2, "text": "Authors Rights"}, "model": "publishers.publishercopyrightlink", "pk": 3}, {"fields": {"url": "http://www.springer.com/gp/open-access/authors-rights/funder-compliance/6332", "publisher": 2, "text": "Funder Compliance"}, "model": "publishers.publishercopyrightlink", "pk": 4}, {"fields": {"url": "http://www.ieee.org/publications_standards/publications/rights/rights_policies.html", "publisher": 3, "text": "Electronic information dissemination policy"}, "model": "publishers.publishercopyrightlink", "pk": 5}, {"fields": {"url": "http://www.ieee.org/documents/ieeecopyrightform.pdf", "publisher": 3, "text": "copyright form"}, "model": "publishers.publishercopyrightlink", "pk": 6}, {"fields": {"url": "http://www.ieee.org/publications_standards/publications/rights/copyrightpolicy.html", "publisher": 3, "text": "Copyright Policy"}, "model": "publishers.publishercopyrightlink", "pk": 7}, {"fields": {"count": 6, "publisher": 1, "name": "Association for Computing Machinery (ACM)"}, "model": "publishers.aliaspublisher", "pk": 1}, {"fields": {"count": 18, "publisher": 2, "name": "Springer Science + Business Media"}, "model": "publishers.aliaspublisher", "pk": 2}, {"fields": {"count": 2, "publisher": 3, "name": "Institute of Electrical & Electronics Engineers (IEEE)"}, "model": "publishers.aliaspublisher", "pk": 3}, {"fields": {"stats": 10, "name": "ENS"}, "model": "papers.institution", "pk": 1}, {"fields": {"stats": 11, "name": "Chemistry dept", "institution": 1}, "model": "papers.department", "pk": 1}, {"fields": {"stats": 12, "name": "Comp sci dept", "institution": 1}, "model": "papers.department", "pk": 2}, {"fields": {"researcher": 1, "confidence": 0.8, "name": 1}, "model": "papers.namevariant", "pk": 1}, {"fields": {"researcher": 2, "confidence": 0.8, "name": 2}, "model": "papers.namevariant", "pk": 2}, {"fields": {"researcher": 3, "confidence": 0.8, "name": 3}, "model": "papers.namevariant", "pk": 3}, {"fields": {"researcher": 4, "confidence": 0.8, "name": 4}, "model": "papers.namevariant", "pk": 4}, {"fields": {"researcher": 5, "confidence": 0.8, "name": 5}, "model": "papers.namevariant", "pk": 5}, {"fields": {"best_confidence": 0.8, "full": "isabelle aujard", "last": "Aujard", "first": "Isabelle"}, "model": "papers.name", "pk": 1}, {"fields": {"best_confidence": 0.8, "full": "ludovic jullien", "last": "Jullien", "first": "Ludovic"}, "model": "papers.name", "pk": 2}, {"fields": {"best_confidence": 0.8, "full": "antoine amarilli", "last": "Amarilli", "first": "Antoine"}, "model": "papers.name", "pk": 3}, {"fields": {"best_confidence": 0.8, "full": "antonin delpeuch", "last": "Delpeuch", "first": "Antonin"}, "model": "papers.name", "pk": 4}, {"fields": {"best_confidence": 0.8, "full": "terence tao", "last": "Tao", "first": "Terence"}, "model": "papers.name", "pk": 5}, {"fields": {"best_confidence": 0.0, "full": "silviu maniu", "last": "Maniu", "first": "Silviu"}, "model": "papers.name", "pk": 6}, {"fields": {"best_confidence": 0.0, "full": "pierre senellart", "last": "Senellart", "first": "Pierre"}, "model": "papers.name", "pk": 7}, {"fields": {"best_confidence": 0.0, "full": "ruiming tang", "last": "Tang", "first": "Ruiming"}, "model": "papers.name", "pk": 8}, {"fields": {"best_confidence": 0.0, "full": "stephane bressan", "last": "Bressan", "first": "St\u00e9phane"}, "model": "papers.name", "pk": 9}, {"fields": {"best_confidence": 0.0, "full": "yael amsterdamer", "last": "Amsterdamer", "first": "Yael"}, "model": "papers.name", "pk": 10}, {"fields": {"best_confidence": 0.0, "full": "tova milo", "last": "Milo", "first": "Tova"}, "model": "papers.name", "pk": 11}, {"fields": {"best_confidence": 0.0, "full": "michael benedikt", "last": "Benedikt", "first": "Michael"}, "model": "papers.name", "pk": 12}, {"fields": {"best_confidence": 0.0, "full": "david naccache", "last": "Naccache", "first": "David"}, "model": "papers.name", "pk": 13}, {"fields": {"best_confidence": 0.0, "full": "pablo rauzy", "last": "Rauzy", "first": "Pablo"}, "model": "papers.name", "pk": 14}, {"fields": {"best_confidence": 0.0, "full": "emil simion", "last": "Simion", "first": "Emil"}, "model": "papers.name", "pk": 15}, {"fields": {"best_confidence": 0.0, "full": "pierre bourhis", "last": "Bourhis", "first": "Pierre"}, "model": "papers.name", "pk": 16}, {"fields": {"best_confidence": 0.0, "full": "fabrice ben hamouda", "last": "Ben Hamouda", "first": "Fabrice"}, "model": "papers.name", "pk": 17}, {"fields": {"best_confidence": 0.0, "full": "florian bourse", "last": "Bourse", "first": "Florian"}, "model": "papers.name", "pk": 18}, {"fields": {"best_confidence": 0.0, "full": "robin morisset", "last": "Morisset", "first": "Robin"}, "model": "papers.name", "pk": 19}, {"fields": {"best_confidence": 0.0, "full": "luis galarraga", "last": "Gal\u00e1rraga", "first": "Luis"}, "model": "papers.name", "pk": 20}, {"fields": {"best_confidence": 0.0, "full": "nicoleta preda", "last": "Preda", "first": "Nicoleta"}, "model": "papers.name", "pk": 21}, {"fields": {"best_confidence": 0.0, "full": "fabian m. suchanek", "last": "Suchanek", "first": "Fabian M."}, "model": "papers.name", "pk": 22}, {"fields": {"best_confidence": 0.0, "full": "aliaksandr talaika", "last": "Talaika", "first": "Aliaksandr"}, "model": "papers.name", "pk": 23}, {"fields": {"best_confidence": 0.0, "full": "joanna biega", "last": "Biega", "first": "Joanna"}, "model": "papers.name", "pk": 24}, {"fields": {"best_confidence": 0.0, "full": "sascha muller", "last": "M\u00fcller", "first": "Sascha"}, "model": "papers.name", "pk": 25}, {"fields": {"best_confidence": 0.0, "full": "daniel page", "last": "Page", "first": "Daniel"}, "model": "papers.name", "pk": 26}, {"fields": {"best_confidence": 0.0, "full": "michael tunstall", "last": "Tunstall", "first": "Michael"}, "model": "papers.name", "pk": 27}, {"fields": {"best_confidence": 0.0, "full": "amarilli marcovecchio", "last": "Marcovecchio", "first": "Amarilli"}, "model": "papers.name", "pk": 28}, {"fields": {"best_confidence": 0.0, "full": "susan mcclary", "last": "McClary", "first": "Susan"}, "model": "papers.name", "pk": 29}, {"fields": {"best_confidence": 0.0, "full": "m. patris", "last": "Patris", "first": "M."}, "model": "papers.name", "pk": 30}, {"fields": {"best_confidence": 0.0, "full": "p.-h. amarilli", "last": "Amarilli", "first": "P.-H."}, "model": "papers.name", "pk": 31}, {"fields": {"best_confidence": 0.0, "full": "m. ossi", "last": "Ossi", "first": "M."}, "model": "papers.name", "pk": 32}, {"fields": {"best_confidence": 0.0, "full": "fabrizio amarilli", "last": "Amarilli", "first": "Fabrizio"}, "model": "papers.name", "pk": 33}, {"fields": {"best_confidence": 0.0, "full": "alberto spreafico", "last": "Spreafico", "first": "Alberto"}, "model": "papers.name", "pk": 34}, {"fields": {"best_confidence": 0.0, "full": "james chater", "last": "Chater", "first": "James"}, "model": "papers.name", "pk": 35}, {"fields": {"best_confidence": 0.0, "full": "murray pomerance", "last": "Pomerance", "first": "Murray"}, "model": "papers.name", "pk": 36}, {"fields": {"best_confidence": 0.0, "full": "c. perego", "last": "Perego", "first": "C."}, "model": "papers.name", "pk": 37}, {"fields": {"best_confidence": 0.0, "full": "s. amarilli", "last": "Amarilli", "first": "S."}, "model": "papers.name", "pk": 38}, {"fields": {"best_confidence": 0.0, "full": "r. millini", "last": "Millini", "first": "R."}, "model": "papers.name", "pk": 39}, {"fields": {"best_confidence": 0.0, "full": "g. bellussi", "last": "Bellussi", "first": "G."}, "model": "papers.name", "pk": 40}, {"fields": {"best_confidence": 0.0, "full": "g. girotti", "last": "Girotti", "first": "G."}, "model": "papers.name", "pk": 41}, {"fields": {"best_confidence": 0.0, "full": "g. terzoni", "last": "Terzoni", "first": "G."}, "model": "papers.name", "pk": 42}, {"fields": {"best_confidence": 0.0, "full": "c. a. waddell", "last": "Waddell", "first": "C. A."}, "model": "papers.name", "pk": 43}, {"fields": {"best_confidence": 0.0, "full": "t. p. rollason", "last": "Rollason", "first": "T. P."}, "model": "papers.name", "pk": 44}, {"fields": {"best_confidence": 0.0, "full": "j. m. amarilli", "last": "Amarilli", "first": "J. M."}, "model": "papers.name", "pk": 45}, {"fields": {"best_confidence": 0.0, "full": "j. cullimore", "last": "Cullimore", "first": "J."}, "model": "papers.name", "pk": 46}, {"fields": {"best_confidence": 0.0, "full": "c. c. mcconkey", "last": "McCONKEY", "first": "C. C."}, "model": "papers.name", "pk": 47}, {"fields": {"best_confidence": 0.0, "full": "lucio forni", "last": "Forni", "first": "Lucio"}, "model": "papers.name", "pk": 48}, {"fields": {"best_confidence": 0.0, "full": "stefano amarilli", "last": "Amarilli", "first": "Stefano"}, "model": "papers.name", "pk": 49}, {"fields": {"best_confidence": 0.0, "full": "giuseppe bellussi", "last": "Bellussi", "first": "Giuseppe"}, "model": "papers.name", "pk": 50}, {"fields": {"best_confidence": 0.0, "full": "carlo perego", "last": "Perego", "first": "Carlo"}, "model": "papers.name", "pk": 51}, {"fields": {"best_confidence": 0.0, "full": "angela carati", "last": "Carati", "first": "Angela"}, "model": "papers.name", "pk": 52}, {"fields": {"best_confidence": 0.0, "full": "amarilli cannata", "last": "Cannata", "first": "Amarilli"}, "model": "papers.name", "pk": 53}, {"fields": {"best_confidence": 0.0, "full": "adolfo esposito", "last": "Esposito", "first": "Adolfo"}, "model": "papers.name", "pk": 54}, {"fields": {"best_confidence": 0.0, "full": "sandro merolli", "last": "Merolli", "first": "Sandro"}, "model": "papers.name", "pk": 55}, {"fields": {"best_confidence": 0.0, "full": "maurizio pelliccioni", "last": "Pelliccioni", "first": "Maurizio"}, "model": "papers.name", "pk": 56}, {"fields": {"best_confidence": 0.0, "full": "l. forni", "last": "Forni", "first": "L."}, "model": "papers.name", "pk": 57}, {"fields": {"best_confidence": 0.0, "full": "a. carati", "last": "Carati", "first": "A."}, "model": "papers.name", "pk": 58}, {"fields": {"best_confidence": 0.0, "full": "lori wong", "last": "Wong", "first": "Lori"}, "model": "papers.name", "pk": 59}, {"fields": {"best_confidence": 0.0, "full": "stephen rickerby", "last": "Rickerby", "first": "Stephen"}, "model": "papers.name", "pk": 60}, {"fields": {"best_confidence": 0.0, "full": "alan phenix", "last": "Phenix", "first": "Alan"}, "model": "papers.name", "pk": 61}, {"fields": {"best_confidence": 0.0, "full": "amarilli rava", "last": "Rava", "first": "Amarilli"}, "model": "papers.name", "pk": 62}, {"fields": {"best_confidence": 0.0, "full": "rasha kamel", "last": "Kamel", "first": "Rasha"}, "model": "papers.name", "pk": 63}, {"fields": {"best_confidence": 0.0, "full": "alberto de angelis", "last": "de Angelis", "first": "Alberto"}, "model": "papers.name", "pk": 64}, {"fields": {"best_confidence": 0.0, "full": "donatella berti", "last": "Berti", "first": "Donatella"}, "model": "papers.name", "pk": 65}, {"fields": {"best_confidence": 0.0, "full": "luciano montanari", "last": "Montanari", "first": "Luciano"}, "model": "papers.name", "pk": 66}, {"fields": {"best_confidence": 0.0, "full": "tim carter", "last": "Carter", "first": "Tim"}, "model": "papers.name", "pk": 67}, {"fields": {"best_confidence": 0.0, "full": "antoine poiteau", "last": "Poiteau", "first": "Antoine"}, "model": "papers.name", "pk": 68}, {"fields": {"best_confidence": 0.0, "full": "c. flego", "last": "Flego", "first": "C."}, "model": "papers.name", "pk": 69}, {"fields": {"best_confidence": 0.0, "full": "g. pazzuconi", "last": "Pazzuconi", "first": "G."}, "model": "papers.name", "pk": 70}, {"fields": {"best_confidence": 0.0, "full": "c. rizzo", "last": "Rizzo", "first": "C."}, "model": "papers.name", "pk": 71}, {"fields": {"best_confidence": 0.0, "full": "herbert antoine", "last": "Antoine", "first": "Herbert"}, "model": "papers.name", "pk": 72}, {"fields": {"best_confidence": 0.0, "full": "dechezleprbyolpe antoine", "last": "Antoine", "first": "Dechezlepr\ubd72e"}, "model": "papers.name", "pk": 73}, {"fields": {"best_confidence": 0.0, "full": "david-antoine williams", "last": "Williams", "first": "David-Antoine"}, "model": "papers.name", "pk": 74}, {"fields": {"best_confidence": 0.0, "full": "antoine pa(c)coud", "last": "P\u00c3\u00a9coud", "first": "Antoine"}, "model": "papers.name", "pk": 75}, {"fields": {"best_confidence": 0.0, "full": "delphine kolesnik-antoine", "last": "Kolesnik-Antoine", "first": "Delphine"}, "model": "papers.name", "pk": 76}, {"fields": {"best_confidence": 0.0, "full": "antoine bourrillon", "last": "Bourrillon", "first": "Antoine"}, "model": "papers.name", "pk": 77}, {"fields": {"best_confidence": 0.0, "full": "antoine volodine", "last": "Volodine", "first": "Antoine"}, "model": "papers.name", "pk": 78}, {"fields": {"best_confidence": 0.0, "full": "antoine magnin", "last": "Magnin", "first": "Antoine"}, "model": "papers.name", "pk": 79}, {"fields": {"best_confidence": 0.0, "full": "george miller sternberg", "last": "Sternberg", "first": "George Miller"}, "model": "papers.name", "pk": 80}, {"fields": {"best_confidence": 0.0, "full": "franz antoine", "last": "Antoine", "first": "Franz"}, "model": "papers.name", "pk": 81}, {"fields": {"best_confidence": 0.0, "full": "jean-claude casanova", "last": "Casanova", "first": "Jean-Claude"}, "model": "papers.name", "pk": 82}, {"fields": {"best_confidence": 0.0, "full": "jean-pierre antoine", "last": "Antoine", "first": "Jean-Pierre"}, "model": "papers.name", "pk": 83}, {"fields": {"best_confidence": 0.0, "full": "michel aglietta", "last": "Aglietta", "first": "Michel"}, "model": "papers.name", "pk": 84}, {"fields": {"best_confidence": 0.0, "full": "antoine reberioux", "last": "Reb\u00e9rioux", "first": "Antoine"}, "model": "papers.name", "pk": 85}, {"fields": {"best_confidence": 0.0, "full": "antoine billot", "last": "Billot", "first": "Antoine"}, "model": "papers.name", "pk": 86}, {"fields": {"best_confidence": 0.0, "full": "antoine lemaire", "last": "Lemaire", "first": "Antoine"}, "model": "papers.name", "pk": 87}, {"fields": {"best_confidence": 0.0, "full": "tassilo antoine", "last": "Antoine", "first": "Tassilo"}, "model": "papers.name", "pk": 88}, {"fields": {"best_confidence": 0.0, "full": "bruno pfab", "last": "Pfab", "first": "Bruno"}, "model": "papers.name", "pk": 89}, {"fields": {"best_confidence": 0.0, "full": "pierre antoine emile vigneron", "last": "Vigneron", "first": "Pierre Antoine Emile"}, "model": "papers.name", "pk": 90}, {"fields": {"best_confidence": 0.0, "full": "antoine bret", "last": "Bret", "first": "Antoine"}, "model": "papers.name", "pk": 91}, {"fields": {"best_confidence": 0.0, "full": "antoine bousquet", "last": "Bousquet", "first": "Antoine"}, "model": "papers.name", "pk": 92}, {"fields": {"best_confidence": 0.0, "full": "antoine proeyen", "last": "Proeyen", "first": "Antoine"}, "model": "papers.name", "pk": 93}, {"fields": {"best_confidence": 0.0, "full": "antoine jacques", "last": "Jacques", "first": "Antoine"}, "model": "papers.name", "pk": 94}, {"fields": {"best_confidence": 0.0, "full": "antoine de baecque", "last": "de Baecque", "first": "Antoine"}, "model": "papers.name", "pk": 95}, {"fields": {"best_confidence": 0.0, "full": "antoine bili", "last": "\u1e02il\u00ed", "first": "Antoine"}, "model": "papers.name", "pk": 96}, {"fields": {"best_confidence": 0.0, "full": "c. locht", "last": "Locht", "first": "C."}, "model": "papers.name", "pk": 97}, {"fields": {"best_confidence": 0.0, "full": "r. antoine", "last": "Antoine", "first": "R."}, "model": "papers.name", "pk": 98}, {"fields": {"best_confidence": 0.0, "full": "antoine douaihy", "last": "Douaihy", "first": "Antoine"}, "model": "papers.name", "pk": 99}, {"fields": {"best_confidence": 0.0, "full": "daley dennis", "last": "Dennis", "first": "Daley"}, "model": "papers.name", "pk": 100}, {"fields": {"best_confidence": 0.0, "full": "antoine legrain", "last": "Legrain", "first": "Antoine"}, "model": "papers.name", "pk": 101}, {"fields": {"best_confidence": 0.0, "full": "edwige rude-antoine", "last": "Rude-Antoine", "first": "Edwige"}, "model": "papers.name", "pk": 102}, {"fields": {"best_confidence": 0.0, "full": "antoine camous", "last": "Camous", "first": "Antoine"}, "model": "papers.name", "pk": 103}, {"fields": {"best_confidence": 0.0, "full": "russell cooper", "last": "Cooper", "first": "Russell"}, "model": "papers.name", "pk": 104}, {"fields": {"best_confidence": 0.0, "full": "antoine braet", "last": "Braet", "first": "Antoine"}, "model": "papers.name", "pk": 105}, {"fields": {"best_confidence": 0.0, "full": "+general antoine lecerf", "last": "Lecerf", "first": "\u2020General Antoine"}, "model": "papers.name", "pk": 106}, {"fields": {"best_confidence": 0.0, "full": "antoine bailly", "last": "Bailly", "first": "Antoine"}, "model": "papers.name", "pk": 107}, {"fields": {"best_confidence": 0.0, "full": "antoine perraud", "last": "Perraud", "first": "Antoine"}, "model": "papers.name", "pk": 108}, {"fields": {"best_confidence": 0.0, "full": "antoine vion", "last": "Vion", "first": "Antoine"}, "model": "papers.name", "pk": 109}, {"fields": {"best_confidence": 0.0, "full": "marc jeanmougin", "last": "Jeanmougin", "first": "Marc"}, "model": "papers.name", "pk": 110}, {"fields": {"best_confidence": 0.0, "full": "marilena oita", "last": "Oita", "first": "Marilena"}, "model": "papers.name", "pk": 111}, {"fields": {"task": null, "pubdate": "2014-01-01", "title": "Uncertainty in Crowd Data Sourcing Under Structural Constraints", "oa_status": "OK", "pdf_url": "http://arxiv.org/pdf/1403.0783", "doctype": "book-chapter", "visibility": "VISIBLE", "last_modified": "2016-01-08", "fingerprint": "038278ec0990a1ccc3928cd61b90dcc8", "date_last_ask": null, "last_annotation": null}, "model": "papers.paper", "pk": 3}, {"fields": {"task": null, "pubdate": "2015-07-01", "title": "Finite Open-World Query Answering with Number Restrictions", "oa_status": "OK", "pdf_url": null, "doctype": "proceedings-article", "visibility": "VISIBLE", "last_modified": "2016-01-08", "fingerprint": "a42a3ef7eb61176458fef57f3aca00da", "date_last_ask": null, "last_annotation": null}, "model": "papers.paper", "pk": 4}, {"fields": {"task": null, "pubdate": "2013-01-01", "title": "On the Connections between Relational\u00a0and\u00a0XML Probabilistic Data Models", "oa_status": "OK", "pdf_url": "http://citeseerx.ist.psu.edu/viewdoc/summary?doi=10.1.1.337.8622", "doctype": "book-chapter", "visibility": "VISIBLE", "last_modified": "2016-01-08", "fingerprint": "b53e209057b744561a7912a9b62d76d5", "date_last_ask": null, "last_annotation": null}, "model": "papers.paper", "pk": 7}, {"fields": {"task": null, "pubdate": "2015-01-01", "title": "Provenance Circuits for Trees and Treelike Instances", "oa_status": "OK", "pdf_url": null, "doctype": "book-chapter", "visibility": "VISIBLE", "last_modified": "2016-01-08", "fingerprint": "48b592ae13109eeb1568d0b158265f6e", "date_last_ask": null, "last_annotation": null}, "model": "papers.paper", "pk": 8}, {"fields": {"task": null, "pubdate": "2013-01-01", "title": "From Rational Number Reconstruction to Set Reconciliation and File Synchronization", "oa_status": "OK", "pdf_url": null, "doctype": "book-chapter", "visibility": "VISIBLE", "last_modified": "2016-01-08", "fingerprint": "2ec7548775c8aeca3f70a80585ff6ad2", "date_last_ask": null, "last_annotation": null}, "model": "papers.paper", "pk": 9}, {"fields": {"task": null, "pubdate": "2014-01-01", "title": "Recent Topics of Research around the YAGO Knowledge Base", "oa_status": "OK", "pdf_url": null, "doctype": "book-chapter", "visibility": "VISIBLE", "last_modified": "2016-01-08", "fingerprint": "f018f8aa87b090095d804b4df12e5e2e", "date_last_ask": null, "last_annotation": null}, "model": "papers.paper", "pk": 10}, {"fields": {"task": null, "pubdate": "2010-01-01", "title": "IBEX: Harvesting Entities from the Web Using Unique Identifiers", "oa_status": "OK", "pdf_url": null, "doctype": "proceedings-article", "visibility": "VISIBLE", "last_modified": "2016-01-08", "fingerprint": "33f911f6ef7e69c44e522807b1f89452", "date_last_ask": null, "last_annotation": null}, "model": "papers.paper", "pk": 11}, {"fields": {"task": null, "pubdate": "2015-07-01", "title": "Combining Existential Rules and Description Logics", "oa_status": "UNK", "pdf_url": null, "doctype": "proceedings", "visibility": "VISIBLE", "last_modified": "2016-01-08", "fingerprint": "8810347e64adb2c7ecb1049dc808310c", "date_last_ask": null, "last_annotation": null}, "model": "papers.paper", "pk": 15}, {"fields": {"task": null, "pubdate": "2014-06-01", "title": "The Possibility Problem for Probabilistic XML", "oa_status": "UNK", "pdf_url": null, "doctype": "proceedings", "visibility": "VISIBLE", "last_modified": "2016-01-08", "fingerprint": "becf3af12b2a8497c9181f6b0a0dd52f", "date_last_ask": null, "last_annotation": null}, "model": "papers.paper", "pk": 17}, {"fields": {"task": null, "pubdate": "2015-11-27", "title": "Provenance Circuits for Trees and Treelike Instances (Extended Version)", "oa_status": "UNK", "pdf_url": "http://arxiv.org/pdf/1511.08723", "doctype": "preprint", "visibility": "VISIBLE", "last_modified": "2016-01-08", "fingerprint": "d74121152c3798b3c70af637e32ebf2a", "date_last_ask": null, "last_annotation": null}, "model": "papers.paper", "pk": 18}, {"fields": {"task": null, "pubdate": "2015-05-15", "title": "Finite Open-World Query Answering with Number Restrictions (Extended Version)", "oa_status": "UNK", "pdf_url": "http://arxiv.org/pdf/1505.04216", "doctype": "preprint", "visibility": "VISIBLE", "last_modified": "2016-01-08", "fingerprint": "a6c8b43413cabd1ef1ee109ed9e749cb", "date_last_ask": null, "last_annotation": null}, "model": "papers.paper", "pk": 20}, {"fields": {"task": null, "pubdate": "2015-05-04", "title": "Harvesting Entities from the Web Using Unique Identifiers -- IBEX", "oa_status": "UNK", "pdf_url": "http://arxiv.org/pdf/1505.00841", "doctype": "preprint", "visibility": "VISIBLE", "last_modified": "2016-01-08", "fingerprint": "8c64c0347be8d358c17fb18b699a78a3", "date_last_ask": null, "last_annotation": null}, "model": "papers.paper", "pk": 21}, {"fields": {"task": null, "pubdate": "2015-05-02", "title": "Combining Existential Rules and Description Logics (Extended Version)", "oa_status": "UNK", "pdf_url": "http://arxiv.org/pdf/1505.00326", "doctype": "preprint", "visibility": "VISIBLE", "last_modified": "2016-01-08", "fingerprint": "c035fcee85e3267e010f8784f6fb24c0", "date_last_ask": null, "last_annotation": null}, "model": "papers.paper", "pk": 22}, {"fields": {"task": null, "pubdate": "2012-07-11", "title": "A Proof of the Pumping Lemma for Context-Free Languages Through Pushdown Automata", "oa_status": "UNK", "pdf_url": "http://arxiv.org/pdf/1207.2819", "doctype": "preprint", "visibility": "VISIBLE", "last_modified": "2016-01-08", "fingerprint": "1342aa09cf62472f13bc5a89751ae4d8", "date_last_ask": null, "last_annotation": null}, "model": "papers.paper", "pk": 23}, {"fields": {"task": null, "pubdate": "2013-12-11", "title": "On the Complexity of Mining Itemsets from the Crowd Using Taxonomies", "oa_status": "UNK", "pdf_url": "http://arxiv.org/pdf/1312.3248", "doctype": "preprint", "visibility": "VISIBLE", "last_modified": "2016-01-08", "fingerprint": "b8cde01caa3cb3d12251f48dfb6112f3", "date_last_ask": null, "last_annotation": null}, "model": "papers.paper", "pk": 24}, {"fields": {"task": null, "pubdate": "2014-04-11", "title": "The Possibility Problem for Probabilistic XML (Extended Version)", "oa_status": "UNK", "pdf_url": "http://arxiv.org/pdf/1404.3131", "doctype": "preprint", "visibility": "VISIBLE", "last_modified": "2016-01-08", "fingerprint": "5d5c8a9a0e9d3b654f4ac792927bfeee", "date_last_ask": null, "last_annotation": null}, "model": "papers.paper", "pk": 25}, {"fields": {"task": null, "pubdate": "2012-08-01", "title": "Cross-Fertilizing Deep Web Analysis and Ontology Enrichment", "oa_status": "UNK", "pdf_url": null, "doctype": "preprint", "visibility": "VISIBLE", "last_modified": "2016-01-08", "fingerprint": "ae39b3a084b92eb6c34d20ea09a26bb0", "date_last_ask": null, "last_annotation": null}, "model": "papers.paper", "pk": 26}, {"fields": {"task": null, "pubdate": "2014-09-01", "title": "Get a Sample for a Discount: Sampling-Based XML Data Pricing", "oa_status": "UNK", "pdf_url": null, "doctype": "preprint", "visibility": "VISIBLE", "last_modified": "2016-01-08", "fingerprint": "81068ed1b08b6f08eddbfc076f107447", "date_last_ask": null, "last_annotation": null}, "model": "papers.paper", "pk": 27}, {"fields": {"task": null, "pubdate": "2015-08-17", "title": "Intensional data on the web", "oa_status": "UNK", "pdf_url": null, "doctype": "journal-article", "visibility": "VISIBLE", "last_modified": "2016-05-21", "fingerprint": "2d777e618e6803df2024a45e002d1a03", "date_last_ask": null, "last_annotation": null}, "model": "papers.paper", "pk": 29}, {"fields": {"task": null, "pubdate": "2014-01-01", "title": "Get a Sample for a Discount", "oa_status": "OK", "pdf_url": null, "doctype": "book-chapter", "visibility": "VISIBLE", "last_modified": "2016-01-08", "fingerprint": "cac4daf74dc899a70a6029e31bca264d", "date_last_ask": null, "last_annotation": null}, "model": "papers.paper", "pk": 30}, {"fields": {"task": null, "pubdate": "2011-01-01", "title": "Can a Program Reverse-Engineer Itself?", "oa_status": "OK", "pdf_url": "http://zenodo.org/record/32155", "doctype": "journal-article", "visibility": "VISIBLE", "last_modified": "2016-01-08", "fingerprint": "e4e96719e13cddffc02aa52efc90c25f", "date_last_ask": null, "last_annotation": null}, "model": "papers.paper", "pk": 31}, {"fields": {"task": null, "pubdate": "2015-01-01", "title": "Structurally Tractable Uncertain Data", "oa_status": "UNK", "pdf_url": "http://arxiv.org/pdf/1507.04955", "doctype": "proceedings-article", "visibility": "VISIBLE", "last_modified": "2016-05-21", "fingerprint": "8cc4a006d0507c3ca971c351d6b19dd2", "date_last_ask": null, "last_annotation": null}, "model": "papers.paper", "pk": 32}, {"fields": {"task": null, "pubdate": "2016-01-01", "title": "A Framework for Sampling-Based XML Data Pricing", "oa_status": "OK", "pdf_url": null, "doctype": "book-chapter", "visibility": "VISIBLE", "last_modified": "2016-01-08", "fingerprint": "a971363650f396b81d9d9bc893877cf3", "date_last_ask": null, "last_annotation": null}, "model": "papers.paper", "pk": 33}, {"fields": {"task": null, "pubdate": "2011-01-01", "title": "Can Code Polymorphism Limit Information Leakage?", "oa_status": "UNK", "pdf_url": null, "doctype": "book-chapter", "visibility": "VISIBLE", "last_modified": "2016-05-21", "fingerprint": "835417174a9b45def5608bfcc274b910", "date_last_ask": null, "last_annotation": null}, "model": "papers.paper", "pk": 34}, {"fields": {"cluster_relevance": 0.0, "name": 10, "affiliation": null, "researcher": null, "cluster": null, "num_children": 1, "paper": 3, "position": 1, "similar": null}, "model": "papers.author", "pk": 9}, {"fields": {"cluster_relevance": 0.0, "name": 11, "affiliation": null, "researcher": null, "cluster": null, "num_children": 1, "paper": 3, "position": 2, "similar": null}, "model": "papers.author", "pk": 10}, {"fields": {"cluster_relevance": -30.8, "name": 3, "affiliation": null, "researcher": 3, "cluster": 11, "num_children": 29, "paper": 4, "position": 0, "similar": null}, "model": "papers.author", "pk": 11}, {"fields": {"cluster_relevance": 0.0, "name": 12, "affiliation": null, "researcher": null, "cluster": null, "num_children": 1, "paper": 4, "position": 1, "similar": null}, "model": "papers.author", "pk": 12}, {"fields": {"cluster_relevance": 0.0, "name": 7, "affiliation": null, "researcher": null, "cluster": null, "num_children": 1, "paper": 7, "position": 1, "similar": null}, "model": "papers.author", "pk": 19}, {"fields": {"cluster_relevance": 0.0, "name": 16, "affiliation": null, "researcher": null, "cluster": null, "num_children": 1, "paper": 8, "position": 1, "similar": null}, "model": "papers.author", "pk": 21}, {"fields": {"cluster_relevance": 0.0, "name": 7, "affiliation": null, "researcher": null, "cluster": null, "num_children": 1, "paper": 8, "position": 2, "similar": null}, "model": "papers.author", "pk": 22}, {"fields": {"cluster_relevance": 3.2, "name": 3, "affiliation": null, "researcher": 3, "cluster": 11, "num_children": 1, "paper": 9, "position": 0, "similar": null}, "model": "papers.author", "pk": 23}, {"fields": {"cluster_relevance": 0.0, "name": 17, "affiliation": null, "researcher": null, "cluster": null, "num_children": 1, "paper": 9, "position": 1, "similar": null}, "model": "papers.author", "pk": 24}, {"fields": {"cluster_relevance": 0.0, "name": 18, "affiliation": null, "researcher": null, "cluster": null, "num_children": 1, "paper": 9, "position": 2, "similar": null}, "model": "papers.author", "pk": 25}, {"fields": {"cluster_relevance": 0.0, "name": 19, "affiliation": null, "researcher": null, "cluster": null, "num_children": 1, "paper": 9, "position": 3, "similar": null}, "model": "papers.author", "pk": 26}, {"fields": {"cluster_relevance": 0.0, "name": 13, "affiliation": null, "researcher": null, "cluster": null, "num_children": 1, "paper": 9, "position": 4, "similar": null}, "model": "papers.author", "pk": 27}, {"fields": {"cluster_relevance": 0.0, "name": 14, "affiliation": null, "researcher": null, "cluster": null, "num_children": 1, "paper": 9, "position": 5, "similar": null}, "model": "papers.author", "pk": 28}, {"fields": {"cluster_relevance": 3.6, "name": 3, "affiliation": null, "researcher": 3, "cluster": 11, "num_children": 1, "paper": 10, "position": 0, "similar": null}, "model": "papers.author", "pk": 29}, {"fields": {"cluster_relevance": 0.0, "name": 20, "affiliation": null, "researcher": null, "cluster": null, "num_children": 1, "paper": 10, "position": 1, "similar": null}, "model": "papers.author", "pk": 30}, {"fields": {"cluster_relevance": 0.0, "name": 21, "affiliation": null, "researcher": null, "cluster": null, "num_children": 1, "paper": 10, "position": 2, "similar": null}, "model": "papers.author", "pk": 31}, {"fields": {"cluster_relevance": 0.0, "name": 22, "affiliation": null, "researcher": null, "cluster": null, "num_children": 1, "paper": 10, "position": 3, "similar": null}, "model": "papers.author", "pk": 32}, {"fields": {"cluster_relevance": 0.0, "name": 23, "affiliation": null, "researcher": null, "cluster": null, "num_children": 1, "paper": 11, "position": 0, "similar": null}, "model": "papers.author", "pk": 33}, {"fields": {"cluster_relevance": 0.0, "name": 24, "affiliation": null, "researcher": null, "cluster": null, "num_children": 1, "paper": 11, "position": 1, "similar": null}, "model": "papers.author", "pk": 34}, {"fields": {"cluster_relevance": 4.0, "name": 3, "affiliation": null, "researcher": 3, "cluster": 11, "num_children": 1, "paper": 11, "position": 2, "similar": null}, "model": "papers.author", "pk": 35}, {"fields": {"cluster_relevance": 0.0, "name": 22, "affiliation": null, "researcher": null, "cluster": null, "num_children": 1, "paper": 11, "position": 3, "similar": null}, "model": "papers.author", "pk": 36}, {"fields": {"cluster_relevance": 6.0, "name": 3, "affiliation": null, "researcher": 3, "cluster": 11, "num_children": 1, "paper": 15, "position": 0, "similar": null}, "model": "papers.author", "pk": 50}, {"fields": {"cluster_relevance": 0.0, "name": 12, "affiliation": null, "researcher": null, "cluster": null, "num_children": 1, "paper": 15, "position": 1, "similar": null}, "model": "papers.author", "pk": 51}, {"fields": {"cluster_relevance": 6.8, "name": 3, "affiliation": null, "researcher": 3, "cluster": 11, "num_children": 1, "paper": 17, "position": 0, "similar": null}, "model": "papers.author", "pk": 53}, {"fields": {"cluster_relevance": 7.2, "name": 3, "affiliation": null, "researcher": 3, "cluster": 11, "num_children": 1, "paper": 18, "position": 0, "similar": null}, "model": "papers.author", "pk": 54}, {"fields": {"cluster_relevance": 0.0, "name": 16, "affiliation": null, "researcher": null, "cluster": null, "num_children": 1, "paper": 18, "position": 1, "similar": null}, "model": "papers.author", "pk": 55}, {"fields": {"cluster_relevance": 0.0, "name": 7, "affiliation": null, "researcher": null, "cluster": null, "num_children": 1, "paper": 18, "position": 2, "similar": null}, "model": "papers.author", "pk": 56}, {"fields": {"cluster_relevance": 8.0, "name": 3, "affiliation": null, "researcher": 3, "cluster": 11, "num_children": 1, "paper": 20, "position": 0, "similar": null}, "model": "papers.author", "pk": 58}, {"fields": {"cluster_relevance": 0.0, "name": 12, "affiliation": null, "researcher": null, "cluster": null, "num_children": 1, "paper": 20, "position": 1, "similar": null}, "model": "papers.author", "pk": 59}, {"fields": {"cluster_relevance": 0.0, "name": 23, "affiliation": null, "researcher": null, "cluster": null, "num_children": 1, "paper": 21, "position": 0, "similar": null}, "model": "papers.author", "pk": 60}, {"fields": {"cluster_relevance": 0.0, "name": 24, "affiliation": null, "researcher": null, "cluster": null, "num_children": 1, "paper": 21, "position": 1, "similar": null}, "model": "papers.author", "pk": 61}, {"fields": {"cluster_relevance": 8.4, "name": 3, "affiliation": null, "researcher": 3, "cluster": 11, "num_children": 1, "paper": 21, "position": 2, "similar": null}, "model": "papers.author", "pk": 62}, {"fields": {"cluster_relevance": 0.0, "name": 22, "affiliation": null, "researcher": null, "cluster": null, "num_children": 1, "paper": 21, "position": 3, "similar": null}, "model": "papers.author", "pk": 63}, {"fields": {"cluster_relevance": 8.8, "name": 3, "affiliation": null, "researcher": 3, "cluster": 11, "num_children": 1, "paper": 22, "position": 0, "similar": null}, "model": "papers.author", "pk": 64}, {"fields": {"cluster_relevance": 0.0, "name": 12, "affiliation": null, "researcher": null, "cluster": null, "num_children": 1, "paper": 22, "position": 1, "similar": null}, "model": "papers.author", "pk": 65}, {"fields": {"cluster_relevance": 9.2, "name": 3, "affiliation": null, "researcher": 3, "cluster": 11, "num_children": 1, "paper": 23, "position": 0, "similar": null}, "model": "papers.author", "pk": 66}, {"fields": {"cluster_relevance": 0.0, "name": 110, "affiliation": null, "researcher": null, "cluster": null, "num_children": 1, "paper": 23, "position": 1, "similar": null}, "model": "papers.author", "pk": 67}, {"fields": {"cluster_relevance": 9.6, "name": 3, "affiliation": null, "researcher": 3, "cluster": 11, "num_children": 1, "paper": 24, "position": 0, "similar": null}, "model": "papers.author", "pk": 68}, {"fields": {"cluster_relevance": 0.0, "name": 10, "affiliation": null, "researcher": null, "cluster": null, "num_children": 1, "paper": 24, "position": 1, "similar": null}, "model": "papers.author", "pk": 69}, {"fields": {"cluster_relevance": 0.0, "name": 11, "affiliation": null, "researcher": null, "cluster": null, "num_children": 1, "paper": 24, "position": 2, "similar": null}, "model": "papers.author", "pk": 70}, {"fields": {"cluster_relevance": 10.0, "name": 3, "affiliation": null, "researcher": 3, "cluster": 11, "num_children": 1, "paper": 25, "position": 0, "similar": null}, "model": "papers.author", "pk": 71}, {"fields": {"cluster_relevance": 0.0, "name": 111, "affiliation": null, "researcher": null, "cluster": null, "num_children": 1, "paper": 26, "position": 0, "similar": null}, "model": "papers.author", "pk": 72}, {"fields": {"cluster_relevance": 10.4, "name": 3, "affiliation": null, "researcher": 3, "cluster": 11, "num_children": 1, "paper": 26, "position": 1, "similar": null}, "model": "papers.author", "pk": 73}, {"fields": {"cluster_relevance": 0.0, "name": 7, "affiliation": null, "researcher": null, "cluster": null, "num_children": 1, "paper": 26, "position": 2, "similar": null}, "model": "papers.author", "pk": 74}, {"fields": {"cluster_relevance": 0.0, "name": 8, "affiliation": null, "researcher": null, "cluster": null, "num_children": 1, "paper": 27, "position": 0, "similar": null}, "model": "papers.author", "pk": 75}, {"fields": {"cluster_relevance": 10.8, "name": 3, "affiliation": null, "researcher": 3, "cluster": 11, "num_children": 1, "paper": 27, "position": 1, "similar": null}, "model": "papers.author", "pk": 76}, {"fields": {"cluster_relevance": 0.0, "name": 7, "affiliation": null, "researcher": null, "cluster": null, "num_children": 1, "paper": 27, "position": 2, "similar": null}, "model": "papers.author", "pk": 77}, {"fields": {"cluster_relevance": 0.0, "name": 9, "affiliation": null, "researcher": null, "cluster": null, "num_children": 1, "paper": 27, "position": 3, "similar": null}, "model": "papers.author", "pk": 78}, {"fields": {"cluster_relevance": 0.0, "name": 7, "affiliation": null, "researcher": null, "cluster": null, "num_children": 1, "paper": 29, "position": 2, "similar": null}, "model": "papers.author", "pk": 87}, {"fields": {"cluster_relevance": 11.6, "name": 3, "affiliation": null, "researcher": 3, "cluster": 11, "num_children": 1, "paper": 29, "position": 0, "similar": null}, "model": "papers.author", "pk": 88}, {"fields": {"cluster_relevance": 0.0, "name": 6, "affiliation": null, "researcher": null, "cluster": null, "num_children": 1, "paper": 29, "position": 3, "similar": null}, "model": "papers.author", "pk": 89}, {"fields": {"cluster_relevance": 0.0, "name": 8, "affiliation": null, "researcher": null, "cluster": null, "num_children": 1, "paper": 30, "position": 0, "similar": null}, "model": "papers.author", "pk": 91}, {"fields": {"cluster_relevance": 0.0, "name": 3, "affiliation": null, "researcher": null, "cluster": null, "num_children": 1, "paper": 30, "position": 1, "similar": null}, "model": "papers.author", "pk": 92}, {"fields": {"cluster_relevance": 0.0, "name": 7, "affiliation": null, "researcher": null, "cluster": null, "num_children": 1, "paper": 30, "position": 2, "similar": null}, "model": "papers.author", "pk": 93}, {"fields": {"cluster_relevance": 0.0, "name": 9, "affiliation": null, "researcher": null, "cluster": null, "num_children": 1, "paper": 30, "position": 3, "similar": null}, "model": "papers.author", "pk": 94}, {"fields": {"cluster_relevance": 0.0, "name": 8, "affiliation": null, "researcher": null, "cluster": null, "num_children": 1, "paper": 30, "position": 0, "similar": null}, "model": "papers.author", "pk": 95}, {"fields": {"cluster_relevance": 12.0, "name": 3, "affiliation": null, "researcher": 3, "cluster": 11, "num_children": 1, "paper": 30, "position": 1, "similar": null}, "model": "papers.author", "pk": 96}, {"fields": {"cluster_relevance": 0.0, "name": 7, "affiliation": null, "researcher": null, "cluster": null, "num_children": 1, "paper": 30, "position": 2, "similar": null}, "model": "papers.author", "pk": 97}, {"fields": {"cluster_relevance": 0.0, "name": 9, "affiliation": null, "researcher": null, "cluster": null, "num_children": 1, "paper": 30, "position": 3, "similar": null}, "model": "papers.author", "pk": 98}, {"fields": {"cluster_relevance": 0.0, "name": 3, "affiliation": null, "researcher": null, "cluster": null, "num_children": 1, "paper": 3, "position": 0, "similar": null}, "model": "papers.author", "pk": 99}, {"fields": {"cluster_relevance": 0.0, "name": 13, "affiliation": null, "researcher": null, "cluster": null, "num_children": 1, "paper": 31, "position": 0, "similar": null}, "model": "papers.author", "pk": 100}, {"fields": {"cluster_relevance": 0.0, "name": 14, "affiliation": null, "researcher": null, "cluster": null, "num_children": 1, "paper": 31, "position": 1, "similar": null}, "model": "papers.author", "pk": 101}, {"fields": {"cluster_relevance": 0.0, "name": 15, "affiliation": null, "researcher": null, "cluster": null, "num_children": 1, "paper": 31, "position": 2, "similar": null}, "model": "papers.author", "pk": 102}, {"fields": {"cluster_relevance": 12.4, "name": 3, "affiliation": null, "researcher": 3, "cluster": 11, "num_children": 1, "paper": 31, "position": 0, "similar": null}, "model": "papers.author", "pk": 103}, {"fields": {"cluster_relevance": 0.0, "name": 13, "affiliation": null, "researcher": null, "cluster": null, "num_children": 1, "paper": 31, "position": 1, "similar": null}, "model": "papers.author", "pk": 104}, {"fields": {"cluster_relevance": 0.0, "name": 14, "affiliation": null, "researcher": null, "cluster": null, "num_children": 1, "paper": 31, "position": 2, "similar": null}, "model": "papers.author", "pk": 105}, {"fields": {"cluster_relevance": 0.0, "name": 15, "affiliation": null, "researcher": null, "cluster": null, "num_children": 1, "paper": 31, "position": 3, "similar": null}, "model": "papers.author", "pk": 106}, {"fields": {"cluster_relevance": 12.8, "name": 3, "affiliation": null, "researcher": 3, "cluster": 11, "num_children": 1, "paper": 32, "position": 0, "similar": null}, "model": "papers.author", "pk": 108}, {"fields": {"cluster_relevance": 0.0, "name": 3, "affiliation": null, "researcher": null, "cluster": null, "num_children": 1, "paper": 7, "position": 0, "similar": null}, "model": "papers.author", "pk": 109}, {"fields": {"cluster_relevance": 0.0, "name": 3, "affiliation": null, "researcher": null, "cluster": null, "num_children": 1, "paper": 8, "position": 0, "similar": null}, "model": "papers.author", "pk": 110}, {"fields": {"cluster_relevance": 0.0, "name": 8, "affiliation": null, "researcher": null, "cluster": null, "num_children": 1, "paper": 33, "position": 0, "similar": null}, "model": "papers.author", "pk": 111}, {"fields": {"cluster_relevance": 0.0, "name": 3, "affiliation": null, "researcher": null, "cluster": null, "num_children": 1, "paper": 33, "position": 1, "similar": null}, "model": "papers.author", "pk": 112}, {"fields": {"cluster_relevance": 0.0, "name": 7, "affiliation": null, "researcher": null, "cluster": null, "num_children": 1, "paper": 33, "position": 2, "similar": null}, "model": "papers.author", "pk": 113}, {"fields": {"cluster_relevance": 0.0, "name": 9, "affiliation": null, "researcher": null, "cluster": null, "num_children": 1, "paper": 33, "position": 3, "similar": null}, "model": "papers.author", "pk": 114}, {"fields": {"cluster_relevance": 0.0, "name": 8, "affiliation": null, "researcher": null, "cluster": null, "num_children": 1, "paper": 33, "position": 0, "similar": null}, "model": "papers.author", "pk": 115}, {"fields": {"cluster_relevance": 13.2, "name": 3, "affiliation": null, "researcher": 3, "cluster": 11, "num_children": 1, "paper": 33, "position": 1, "similar": null}, "model": "papers.author", "pk": 116}, {"fields": {"cluster_relevance": 0.0, "name": 7, "affiliation": null, "researcher": null, "cluster": null, "num_children": 1, "paper": 33, "position": 2, "similar": null}, "model": "papers.author", "pk": 117}, {"fields": {"cluster_relevance": 0.0, "name": 9, "affiliation": null, "researcher": null, "cluster": null, "num_children": 1, "paper": 33, "position": 3, "similar": null}, "model": "papers.author", "pk": 118}, {"fields": {"cluster_relevance": 0.0, "name": 3, "affiliation": null, "researcher": null, "cluster": null, "num_children": 1, "paper": 34, "position": 0, "similar": null}, "model": "papers.author", "pk": 119}, {"fields": {"cluster_relevance": 0.0, "name": 25, "affiliation": null, "researcher": null, "cluster": null, "num_children": 1, "paper": 34, "position": 3, "similar": null}, "model": "papers.author", "pk": 120}, {"fields": {"cluster_relevance": 0.0, "name": 13, "affiliation": null, "researcher": null, "cluster": null, "num_children": 1, "paper": 34, "position": 5, "similar": null}, "model": "papers.author", "pk": 121}, {"fields": {"cluster_relevance": 0.0, "name": 26, "affiliation": null, "researcher": null, "cluster": null, "num_children": 1, "paper": 34, "position": 7, "similar": null}, "model": "papers.author", "pk": 122}, {"fields": {"cluster_relevance": 0.0, "name": 14, "affiliation": null, "researcher": null, "cluster": null, "num_children": 1, "paper": 34, "position": 9, "similar": null}, "model": "papers.author", "pk": 123}, {"fields": {"cluster_relevance": 0.0, "name": 27, "affiliation": null, "researcher": null, "cluster": null, "num_children": 1, "paper": 34, "position": 2, "similar": null}, "model": "papers.author", "pk": 130}, {"fields": {"default_pubtype": "preprint", "last_status_update": "2016-01-08T21:59:58.660Z", "name": "HAL", "oa": false, "priority": 1, "identifier": "hal"}, "model": "papers.oaisource", "pk": 1}, {"fields": {"default_pubtype": "preprint", "last_status_update": "2016-01-08T22:00:11.564Z", "name": "arXiv", "oa": false, "priority": 1, "identifier": "arxiv"}, "model": "papers.oaisource", "pk": 2}, {"fields": {"default_pubtype": "preprint", "last_status_update": "2016-01-08T22:01:59.115Z", "name": "Cairn", "oa": false, "priority": 10, "identifier": "cairn"}, "model": "papers.oaisource", "pk": 3}, {"fields": {"default_pubtype": "preprint", "last_status_update": "2016-01-08T22:01:59.129Z", "name": "PubMed Central", "oa": false, "priority": 10, "identifier": "pmc"}, "model": "papers.oaisource", "pk": 4}, {"fields": {"default_pubtype": "journal-article", "last_status_update": "2016-01-08T22:01:59.138Z", "name": "DOAJ", "oa": true, "priority": 10, "identifier": "doaj"}, "model": "papers.oaisource", "pk": 5}, {"fields": {"default_pubtype": "preprint", "last_status_update": "2016-01-08T22:01:59.146Z", "name": "Pers\u00e9e", "oa": true, "priority": 10, "identifier": "persee"}, "model": "papers.oaisource", "pk": 6}, {"fields": {"default_pubtype": "preprint", "last_status_update": "2016-01-08T22:01:59.154Z", "name": "Zenodo", "oa": false, "priority": 15, "identifier": "zenodo"}, "model": "papers.oaisource", "pk": 7}, {"fields": {"default_pubtype": "journal-article", "last_status_update": "2016-01-08T22:01:59.163Z", "name": "Numdam", "oa": false, "priority": 10, "identifier": "numdam"}, "model": "papers.oaisource", "pk": 8}, {"fields": {"default_pubtype": "preprint", "last_status_update": "2016-01-08T22:01:59.171Z", "name": "BASE", "oa": false, "priority": -2, "identifier": "base"}, "model": "papers.oaisource", "pk": 9}, {"fields": {"default_pubtype": "other", "last_status_update": "2016-01-08T22:04:48.702Z", "name": "ORCID", "oa": false, "priority": 1, "identifier": "orcid"}, "model": "papers.oaisource", "pk": 10}, {"fields": {"default_pubtype": "journal-article", "last_status_update": "2016-05-21T07:01:36.874Z", "name": "Crossref", "oa": false, "priority": 1, "identifier": "crossref"}, "model": "papers.oaisource", "pk": 11}, {"fields": {"contributors": "Laboratoire Traitement et Communication de l'Information (LTCI) ; T\u00e9l\u00e9com ParisTech - Institut Mines-T\u00e9l\u00e9com - Centre National de la Recherche Scientifique (CNRS) Huawei Technologies", "abstract": null, "publisher": null, "keywords": "[INFO.INFO-DB] Computer Science [cs]/Databases [cs.DB]", "publisher_name": null, "container": null, "pubdate": null, "last_update": "2016-01-08T22:03:19.542Z", "priority": 1, "source": 1, "issue": null, "description": "We call data intensional when it is not directly available, but must be accessed through a costlyinterface. Intensional data naturally arises in a number of Web data management scenarios, suchas Web crawling or ontology-based data access. Such scenarios require us to model an uncertainview of the world, for which, given a query, we must answer the question \u0093What is the best thingto do next?\u0094 Once data has been retrieved, the knowledge of the world is revised, and the wholeprocess is repeated, until enough knowledge about the world has been obtained for the particularapplication considered. In this article, we give an overview of the steps underlying all intensionaldata management scenarios, and illustrate them on three concrete applications: focused crawling,online influence maximization in social networks, and mining crowdsourced data.", "journal_title": null, "journal": null, "volume": null, "pages": null, "splash_url": "https://hal-institut-mines-telecom.archives-ouvertes.fr/hal-01191721", "about": 29, "doi": null, "pdf_url": null, "pubtype": "journal-article", "identifier": "oai:HAL:hal-01191721v1"}, "model": "papers.oairecord", "pk": 1}, {"fields": {"contributors": "Laboratoire Traitement et Communication de l'Information (LTCI) ; T\u00e9l\u00e9com ParisTech - Institut Mines-T\u00e9l\u00e9com - Centre National de la Recherche Scientifique (CNRS) University of Oxford (UK) ; University of Oxford [Oxford]", "abstract": null, "publisher": null, "keywords": "[INFO.INFO-DB] Computer Science [cs]/Databases [cs.DB]", "publisher_name": null, "container": null, "pubdate": null, "last_update": "2016-01-08T22:03:19.906Z", "priority": 1, "source": 1, "issue": null, "description": "Open-world query answering is the problem of deciding, given a set of facts, conjunction of constraints, and query, whether the facts and constraints imply the query. This amounts to reasoning over all instances that include the facts and satisfy the constraints. We study finite open-world query answering (FQA), which assumes that the underlying world is finite and thus only considers the finite completions of the instance. The major known decidable cases of FQA derive from the following: the guarded fragment of first-order logic, which can express referential constraints (data in one place points to data in another) but cannot express number restrictions such as functional dependencies, and the guarded fragment with number restrictions but on a signature of arity only two. In this paper, we give the first decidability results for FQA that combine both referential constraints and number restrictions for arbitrary signatures: we show that, for unary inclusion dependencies and functional dependencies, the finiteness assumption of FQA can be lifted up to taking the finite implication closure of the dependencies[5]. Our result relies on new techniques to construct finite universal models of such constraints, for any bound on the maximal query size.", "journal_title": null, "journal": null, "volume": null, "pages": null, "splash_url": "https://hal-institut-mines-telecom.archives-ouvertes.fr/hal-01190580", "about": 4, "doi": null, "pdf_url": null, "pubtype": "proceedings", "identifier": "oai:HAL:hal-01190580v1"}, "model": "papers.oairecord", "pk": 2}, {"fields": {"contributors": "Laboratoire Traitement et Communication de l'Information (LTCI) ; T\u00e9l\u00e9com ParisTech - Institut Mines-T\u00e9l\u00e9com - Centre National de la Recherche Scientifique (CNRS) University of Oxford (UK) ; University of Oxford [Oxford]", "abstract": null, "publisher": null, "keywords": "[INFO.INFO-DB] Computer Science [cs]/Databases [cs.DB]", "publisher_name": null, "container": null, "pubdate": null, "last_update": "2016-01-08T22:03:20.017Z", "priority": 1, "source": 1, "issue": null, "description": "Query answering under existential rules \u0097 implications with existential quantifiers in the head \u0097 is known to be decidable when imposing restrictions on the rule bodies such as frontier-guardedness [Baget et al., 2010; Baget et al., 2011a]. Query answering is also decidable for description logics [Baader, 2003], which further allow disjunction and functionality constraints (assert that certain relations are functions); however, they are focused on ER-type schemas, where relations have arity two. This work investigates how to get the best of both worlds: having decidable existential rules on arbitrary arity relations, while allowing rich description logics, including functionality constraints, on arity-two relations. We first show negative results on combining such decidable languages. Second, we introduce an expressive set of existential rules (frontier-one rules with a certain restriction) which can be combined with powerful constraints on arity-two relations (e.g. GC2, ALCQIb) while retaining decidable query answering. Further, we provide conditions to add functionality constraints on the higher-arity relations.", "journal_title": null, "journal": null, "volume": null, "pages": null, "splash_url": "https://hal-institut-mines-telecom.archives-ouvertes.fr/hal-01190601", "about": 15, "doi": null, "pdf_url": null, "pubtype": "proceedings", "identifier": "oai:HAL:hal-01190601v1"}, "model": "papers.oairecord", "pk": 3}, {"fields": {"contributors": "Laboratoire Traitement et Communication de l'Information (LTCI) ; T\u00e9l\u00e9com ParisTech - Institut Mines-T\u00e9l\u00e9com - Centre National de la Recherche Scientifique (CNRS)", "abstract": null, "publisher": null, "keywords": "[INFO.INFO-DB] Computer Science [cs]/Databases [cs.DB]", "publisher_name": null, "container": null, "pubdate": null, "last_update": "2016-01-08T22:03:20.375Z", "priority": 1, "source": 1, "issue": null, "description": "Many data management applications must deal with data which is uncertain, incomplete, or noisy. However, on existing uncertain data representations, we cannot tractably perform the important query evaluation tasks of determining query possibility, certainty, or probability: these problems are hard on arbitrary uncertain input instances. We thus ask whether we could restrict the structure of uncertain data so as to guarantee the tractability of exact query evaluation. We present our tractability results for tree and tree-like uncertain data, and a vision for probabilistic rule reasoning. We also study uncertainty about order, proposing a suitable representation, and study uncertain data conditioned by additional observations.", "journal_title": null, "journal": null, "volume": null, "pages": null, "splash_url": "https://hal-institut-mines-telecom.archives-ouvertes.fr/hal-01190610", "about": 32, "doi": null, "pdf_url": null, "pubtype": "proceedings", "identifier": "oai:HAL:hal-01190610v1"}, "model": "papers.oairecord", "pk": 4}, {"fields": {"contributors": "Max Planck Institut f\u00fcr Informatik (MPII) ; Max-Planck-Institut Laboratoire Traitement et Communication de l'Information (LTCI) ; T\u00e9l\u00e9com ParisTech - Institut Mines-T\u00e9l\u00e9com - Centre National de la Recherche Scientifique (CNRS)", "abstract": null, "publisher": null, "keywords": "[INFO.INFO-WB] Computer Science [cs]/Web", "publisher_name": null, "container": null, "pubdate": null, "last_update": "2016-01-08T22:03:20.703Z", "priority": 1, "source": 1, "issue": null, "description": "In this paper we study the prevalence of unique entity identifiers on the Web. These are, e.g., ISBNs (for books), GTINs (for commercial products), DOIs (for documents), email addresses, and others. We show how these identifiers can be harvested systematically from Web pages, and how they can be associated with humanreadable names for the entities at large scale.Starting with a simple extraction of identifiers and names from Web pages, we show how we can use the properties of unique identifiers to filter out noise and clean up the extraction result on the entire corpus. The end result is a database of millions of uniquely identified entities of different types, with an accuracy of 73--96% and a very high coverage compared to existing knowledge bases. We use this database to compute novel statistics on the presence of products, people, and other entities on the Web.", "journal_title": null, "journal": null, "volume": null, "pages": null, "splash_url": "https://hal-institut-mines-telecom.archives-ouvertes.fr/hal-01190629", "about": 11, "doi": null, "pdf_url": null, "pubtype": "proceedings", "identifier": "oai:HAL:hal-01190629v1"}, "model": "papers.oairecord", "pk": 5}, {"fields": {"contributors": "Laboratoire Traitement et Communication de l'Information (LTCI) ; T\u00e9l\u00e9com ParisTech - Institut Mines-T\u00e9l\u00e9com - Centre National de la Recherche Scientifique (CNRS)", "abstract": null, "publisher": null, "keywords": "[INFO.INFO-WB] Computer Science [cs]/Web", "publisher_name": null, "container": null, "pubdate": null, "last_update": "2016-01-08T22:03:20.845Z", "priority": 1, "source": 1, "issue": null, "description": "A knowledge base (KB) is a formal collection of knowledge about the world. In this paper, we explain how the YAGO KB is constructed. We also summarize our contributions to different aspects of KB management in general. One of these aspects is rule mining, i.e., the identification of patterns such as spouse(x,y)\u2009\u2227\u2009livesIn(x,z) \u21d2livesIn(y,z). Another aspect is the incompleteness of KBs. We propose to integrate data from Web Services into the KB in order to fill the gaps. Further, we show how the overlap between existing KBs can be used to align them, both in terms of instances and in terms of the schema. Finally, we show how KBs can be protected by watermarking.", "journal_title": null, "journal": null, "volume": null, "pages": null, "splash_url": "https://hal-institut-mines-telecom.archives-ouvertes.fr/hal-01190642", "about": 10, "doi": null, "pdf_url": null, "pubtype": "proceedings", "identifier": "oai:HAL:hal-01190642v1"}, "model": "papers.oairecord", "pk": 6}, {"fields": {"contributors": "Laboratoire Traitement et Communication de l'Information (LTCI) ; T\u00e9l\u00e9com ParisTech - Institut Mines-T\u00e9l\u00e9com - Centre National de la Recherche Scientifique (CNRS)", "abstract": null, "publisher": null, "keywords": "[INFO.INFO-DB] Computer Science [cs]/Databases [cs.DB] [INFO.INFO-WB] Computer Science [cs]/Web", "publisher_name": null, "container": null, "pubdate": null, "last_update": "2016-01-08T22:03:20.950Z", "priority": 1, "source": 1, "issue": null, "description": "We consider the possibility problem of determining if a document is a possible world of a probabilistic document, in the setting of probabilistic XML. This basic question is a special case of query answering or tree automata evaluation, but it has specific practical uses, such as checking whether an user-provided probabilistic document outcome is possible or sufficiently likely. In this paper, we study the complexity of the possibility problem for probabilistic XML models of varying expressiveness. We show that the decision problem is often tractable in the absence of long-distance dependencies, but that its computation variant is intractable on unordered documents. We also introduce an explicit matches variant to generalize practical situations where node labels are unambiguous; this ensures tractability of the possibility problem, even under long-distance dependencies, provided event conjunctions are disallowed. Our results entirely classify the tractability boundary over all considered problem variants.", "journal_title": null, "journal": null, "volume": null, "pages": null, "splash_url": "https://hal-institut-mines-telecom.archives-ouvertes.fr/hal-01190712", "about": 17, "doi": null, "pdf_url": null, "pubtype": "proceedings", "identifier": "oai:HAL:hal-01190712v1"}, "model": "papers.oairecord", "pk": 7}, {"fields": {"contributors": "Laboratoire Traitement et Communication de l'Information (LTCI) ; T\u00e9l\u00e9com ParisTech - Institut Mines-T\u00e9l\u00e9com - Centre National de la Recherche Scientifique (CNRS) School of Computer Science, Tel Aviv University (TAU-CS) ; Tel Aviv University", "abstract": null, "publisher": null, "keywords": "[INFO.INFO-DB] Computer Science [cs]/Databases [cs.DB]", "publisher_name": null, "container": null, "pubdate": null, "last_update": "2016-01-08T22:03:24.154Z", "priority": 1, "source": 2, "issue": null, "description": " Applications extracting data from crowdsourcing platforms must deal with the uncertainty of crowd answers in two different ways: first, by deriving estimates of the correct value from the answers; second, by choosing crowd questions whose answers are expected to minimize this uncertainty relative to the overall data collection goal. Such problems are already challenging when we assume that questions are unrelated and answers are independent, but they are even more complicated when we assume that the unknown values follow hard structural constraints (such as monotonicity). In this vision paper, we examine how to formally address this issue with an approach inspired by [Amsterdamer et al., 2013]. We describe a generalized setting where we model constraints as linear inequalities, and use them to guide the choice of crowd questions and the processing of answers. We present the main challenges arising in this setting, and propose directions to solve them. ", "journal_title": null, "journal": null, "volume": null, "pages": null, "splash_url": "http://arxiv.org/abs/1403.0783", "about": 3, "doi": null, "pdf_url": "http://arxiv.org/pdf/1403.0783", "pubtype": "proceedings", "identifier": "oai:HAL:hal-01190716v1"}, "model": "papers.oairecord", "pk": 8}, {"fields": {"contributors": "", "abstract": null, "publisher": null, "keywords": "Computer Science - Databases Computer Science - Logic in Computer Science", "publisher_name": null, "container": null, "pubdate": null, "last_update": "2016-01-08T22:03:21.434Z", "priority": 1, "source": 2, "issue": null, "description": " Query evaluation in monadic second-order logic (MSO) is tractable on trees and treelike instances, even though it is hard for arbitrary instances. This tractability result has been extended to several tasks related to query evaluation, such as counting query results [3] or performing query evaluation on probabilistic trees [10]. These are two examples of the more general problem of computing augmented query output, that is referred to as provenance. This article presents a provenance framework for trees and treelike instances, by describing a linear-time construction of a circuit provenance representation for MSO queries. We show how this provenance can be connected to the usual definitions of semiring provenance on relational instances [20], even though we compute it in an unusual way, using tree automata; we do so via intrinsic definitions of provenance for general semirings, independent of the operational details of query evaluation. We show applications of this provenance to capture existing counting and probabilistic results on trees and treelike instances, and give novel consequences for probability evaluation. ", "journal_title": null, "journal": null, "volume": null, "pages": null, "splash_url": "http://arxiv.org/abs/1511.08723", "about": 18, "doi": null, "pdf_url": "http://arxiv.org/pdf/1511.08723", "pubtype": "preprint", "identifier": "oai:arXiv.org:1511.08723"}, "model": "papers.oairecord", "pk": 9}, {"fields": {"contributors": "Laboratoire Traitement et Communication de l'Information (LTCI) ; T\u00e9l\u00e9com ParisTech - Institut Mines-T\u00e9l\u00e9com - CNRS Centre de Recherche en Informatique, Signal et Automatique de Lille (CRIStAL) ; Universit\u00e9 Lille 1 - Sciences et technologies - INRIA - Ecole Centrale de Lille - CNRS", "abstract": null, "publisher": null, "keywords": "[INFO.INFO-DB] Computer Science [cs]/Databases [cs.DB]", "publisher_name": null, "container": null, "pubdate": null, "last_update": "2016-01-08T22:03:21.830Z", "priority": 1, "source": 1, "issue": null, "description": "Query evaluation in monadic second-order logic (MSO) is tractable on trees and treelike instances, even though it is hard for arbitrary instances. This tractability result has been extended to several tasks related to query evaluation, such as counting query results or performing query evaluation on probabilistic trees. These are two examples of the more general problem of computing augmented query output, that is referred to as provenance. This article presents a provenance framework for trees and treelike instances, by describing a linear-time construction of a circuit provenance representation for MSO queries. We show how this provenance can be connected to the usual definitions of semiring provenance on relational instances, even though we compute it in an unusual way, using tree automata; we do so via intrinsic definitions of provenance for general semirings, independent of the operational details of query evaluation. We show applications of this provenance to capture existing counting and probabilistic results on trees and treelike instances, and give novel consequences for probability evaluation.", "journal_title": null, "journal": null, "volume": null, "pages": null, "splash_url": "https://hal-institut-mines-telecom.archives-ouvertes.fr/hal-01178399", "about": 8, "doi": null, "pdf_url": null, "pubtype": "proceedings", "identifier": "oai:HAL:hal-01178399v1"}, "model": "papers.oairecord", "pk": 10}, {"fields": {"contributors": "", "abstract": null, "publisher": null, "keywords": "Computer Science - Databases H.2.1", "publisher_name": null, "container": null, "pubdate": null, "last_update": "2016-01-08T22:03:21.934Z", "priority": 1, "source": 2, "issue": null, "description": " Many data management applications must deal with data which is uncertain, incomplete, or noisy. However, on existing uncertain data representations, we cannot tractably perform the important query evaluation tasks of determining query possibility, certainty, or probability: these problems are hard on arbitrary uncertain input instances. We thus ask whether we could restrict the structure of uncertain data so as to guarantee the tractability of exact query evaluation. We present our tractability results for tree and tree-like uncertain data, and a vision for probabilistic rule reasoning. We also study uncertainty about order, proposing a suitable representation, and study uncertain data conditioned by additional observations. ", "journal_title": null, "journal": null, "volume": null, "pages": null, "splash_url": "http://arxiv.org/abs/1507.04955", "about": 32, "doi": null, "pdf_url": "http://arxiv.org/pdf/1507.04955", "pubtype": "preprint", "identifier": "oai:arXiv.org:1507.04955"}, "model": "papers.oairecord", "pk": 11}, {"fields": {"contributors": "", "abstract": null, "publisher": null, "keywords": "Computer Science - Logic in Computer Science Computer Science - Databases", "publisher_name": null, "container": null, "pubdate": null, "last_update": "2016-01-08T22:03:22.284Z", "priority": 1, "source": 2, "issue": null, "description": " Open-world query answering is the problem of deciding, given a set of facts, conjunction of constraints, and query, whether the facts and constraints imply the query. This amounts to reasoning over all instances that include the facts and satisfy the constraints. We study finite open-world query answering (FQA), which assumes that the underlying world is finite and thus only considers the finite completions of the instance. The major known decidable cases of FQA derive from the following: the guarded fragment of first-order logic, which can express referential constraints (data in one place points to data in another) but cannot express number restrictions such as functional dependencies; and the guarded fragment with number restrictions but on a signature of arity only two. In this paper, we give the first decidability results for FQA that combine both referential constraints and number restrictions for arbitrary signatures: we show that, for unary inclusion dependencies and functional dependencies, the finiteness assumption of FQA can be lifted up to taking the finite implication closure of the dependencies. Our result relies on new techniques to construct finite universal models of such constraints, for any bound on the maximal query size. ", "journal_title": null, "journal": null, "volume": null, "pages": null, "splash_url": "http://arxiv.org/abs/1505.04216", "about": 20, "doi": null, "pdf_url": "http://arxiv.org/pdf/1505.04216", "pubtype": "preprint", "identifier": "oai:arXiv.org:1505.04216"}, "model": "papers.oairecord", "pk": 12}, {"fields": {"contributors": "", "abstract": null, "publisher": null, "keywords": "Computer Science - Databases Computer Science - Information Retrieval", "publisher_name": null, "container": null, "pubdate": null, "last_update": "2016-01-08T22:03:22.635Z", "priority": 1, "source": 2, "issue": null, "description": " In this paper we study the prevalence of unique entity identifiers on the Web. These are, e.g., ISBNs (for books), GTINs (for commercial products), DOIs (for documents), email addresses, and others. We show how these identifiers can be harvested systematically from Web pages, and how they can be associated with human-readable names for the entities at large scale. Starting with a simple extraction of identifiers and names from Web pages, we show how we can use the properties of unique identifiers to filter out noise and clean up the extraction result on the entire corpus. The end result is a database of millions of uniquely identified entities of different types, with an accuracy of 73--96% and a very high coverage compared to existing knowledge bases. We use this database to compute novel statistics on the presence of products, people, and other entities on the Web. ", "journal_title": null, "journal": null, "volume": null, "pages": null, "splash_url": "http://arxiv.org/abs/1505.00841", "about": 21, "doi": null, "pdf_url": "http://arxiv.org/pdf/1505.00841", "pubtype": "preprint", "identifier": "oai:arXiv.org:1505.00841"}, "model": "papers.oairecord", "pk": 13}, {"fields": {"contributors": "", "abstract": null, "publisher": null, "keywords": "Computer Science - Databases", "publisher_name": null, "container": null, "pubdate": null, "last_update": "2016-01-08T22:03:23.093Z", "priority": 1, "source": 2, "issue": null, "description": " Query answering under existential rules -- implications with existential quantifiers in the head -- is known to be decidable when imposing restrictions on the rule bodies such as frontier-guardedness [BLM10, BLMS11]. Query answering is also decidable for description logics [Baa03], which further allow disjunction and functionality constraints (assert that certain relations are functions), however, they are focused on ER-type schemas, where relations have arity two. This work investigates how to get the best of both worlds: having decidable existential rules on arbitrary arity relations, while allowing rich description logics, including functionality constraints, on arity-two relations. We first show negative results on combining such decidable languages. Second, we introduce an expressive set of existential rules (frontier-one rules with a certain restriction) which can be combined with powerful constraints on arity-two relations (e.g. GC 2, ALCQIb) while retaining decidable query answering. Further, we provide conditions to add functionality constraints on the higher-arity relations. ", "journal_title": null, "journal": null, "volume": null, "pages": null, "splash_url": "http://arxiv.org/abs/1505.00326", "about": 22, "doi": null, "pdf_url": "http://arxiv.org/pdf/1505.00326", "pubtype": "preprint", "identifier": "oai:arXiv.org:1505.00326"}, "model": "papers.oairecord", "pk": 14}, {"fields": {"contributors": "", "abstract": null, "publisher": null, "keywords": "Computer Science - Formal Languages and Automata Theory", "publisher_name": null, "container": null, "pubdate": null, "last_update": "2016-01-08T22:03:23.451Z", "priority": 1, "source": 2, "issue": null, "description": " The pumping lemma for context-free languages is a result about pushdown automata which is strikingly similar to the well-known pumping lemma for regular languages. However, though the lemma for regular languages is simply proved by using the pigeonhole principle on deterministic automata, the lemma for pushdown automata is proven through an equivalence with context-free languages and through the more powerful Ogden's lemma. We present here a proof of the pumping lemma for context-free languages which relies on pushdown automata instead of context-free grammars. ", "journal_title": null, "journal": null, "volume": null, "pages": null, "splash_url": "http://arxiv.org/abs/1207.2819", "about": 23, "doi": null, "pdf_url": "http://arxiv.org/pdf/1207.2819", "pubtype": "preprint", "identifier": "oai:arXiv.org:1207.2819"}, "model": "papers.oairecord", "pk": 15}, {"fields": {"contributors": "", "abstract": null, "publisher": null, "keywords": "Computer Science - Databases Computer Science - Computational Complexity Computer Science - Information Retrieval H.2.8", "publisher_name": null, "container": null, "pubdate": null, "last_update": "2016-01-08T22:03:23.819Z", "priority": 1, "source": 2, "issue": null, "description": " We study the problem of frequent itemset mining in domains where data is not recorded in a conventional database but only exists in human knowledge. We provide examples of such scenarios, and present a crowdsourcing model for them. The model uses the crowd as an oracle to find out whether an itemset is frequent or not, and relies on a known taxonomy of the item domain to guide the search for frequent itemsets. In the spirit of data mining with oracles, we analyze the complexity of this problem in terms of (i) crowd complexity, that measures the number of crowd questions required to identify the frequent itemsets; and (ii) computational complexity, that measures the computational effort required to choose the questions. We provide lower and upper complexity bounds in terms of the size and structure of the input taxonomy, as well as the size of a concise description of the output itemsets. We also provide constructive algorithms that achieve the upper bounds, and consider more efficient variants for practical situations. ", "journal_title": null, "journal": null, "volume": null, "pages": null, "splash_url": "http://arxiv.org/abs/1312.3248", "about": 24, "doi": null, "pdf_url": "http://arxiv.org/pdf/1312.3248", "pubtype": "preprint", "identifier": "oai:arXiv.org:1312.3248"}, "model": "papers.oairecord", "pk": 16}, {"fields": {"contributors": "", "abstract": null, "publisher": null, "keywords": "Computer Science - Databases Computer Science - Computational Complexity Computer Science - Logic in Computer Science H.2.3 E.1", "publisher_name": null, "container": null, "pubdate": null, "last_update": "2016-01-08T22:03:24.260Z", "priority": 1, "source": 2, "issue": null, "description": " We consider the possibility problem of determining if a document is a possible world of a probabilistic document, in the setting of probabilistic XML. This basic question is a special case of query answering or tree automata evaluation, but it has specific practical uses, such as checking whether an user-provided probabilistic document outcome is possible or sufficiently likely. In this paper, we study the complexity of the possibility problem for probabilistic XML models of varying expressiveness. We show that the decision problem is often tractable in the absence of long-distance dependencies, but that its computation variant is intractable on unordered documents. We also introduce an explicit matches variant to generalize practical situations where node labels are unambiguous; this ensures tractability of the possibility problem, even under long-distance dependencies, provided event conjunctions are disallowed. Our results entirely classify the tractability boundary over all considered problem variants. ", "journal_title": null, "journal": null, "volume": null, "pages": null, "splash_url": "http://arxiv.org/abs/1404.3131", "about": 25, "doi": null, "pdf_url": "http://arxiv.org/pdf/1404.3131", "pubtype": "preprint", "identifier": "oai:arXiv.org:1404.3131"}, "model": "papers.oairecord", "pk": 17}, {"fields": {"contributors": "Laboratoire Traitement et Communication de l'Information [Paris] (LTCI) ; T\u00e9l\u00e9com ParisTech - CNRS", "abstract": null, "publisher": null, "keywords": "[INFO.INFO-WB] Computer Science/Web", "publisher_name": null, "container": null, "pubdate": null, "last_update": "2016-01-08T22:03:24.617Z", "priority": 1, "source": 1, "issue": null, "description": "International audience", "journal_title": null, "journal": null, "volume": null, "pages": null, "splash_url": "https://hal-institut-mines-telecom.archives-ouvertes.fr/hal-00737941", "about": 26, "doi": null, "pdf_url": null, "pubtype": "preprint", "identifier": "oai:HAL:hal-00737941v1"}, "model": "papers.oairecord", "pk": 18}, {"fields": {"contributors": "School of Computer Science, Tel Aviv University (TAU-CS) ; Tel Aviv University Laboratoire Traitement et Communication de l'Information [Paris] (LTCI) ; T\u00e9l\u00e9com ParisTech - CNRS", "abstract": null, "publisher": null, "keywords": "[INFO.INFO-DB] Computer Science/Databases", "publisher_name": null, "container": null, "pubdate": null, "last_update": "2016-01-08T22:04:12.211Z", "priority": -2, "source": 9, "issue": null, "description": "Abstract. A number of uncertain data models have been proposed, based on the notion of compact representations of probability distributions over possible worlds. In probabilistic relational models, tuples are annotated with probabilities or formulae over Boolean random variables. In probabilistic XML models, XML trees are augmented with nodes that specify probability distributions over their children. Both kinds of models have been extensively studied, with respect to their expressive power, compactness, and query efficiency, among other things. Probabilistic database systems have also been implemented, in both relational and XML settings. However, these studies have mostly been carried out independently and the translations between relational and XML models, as well as the impact for probabilistic relational databases of results about query complexity in probabilistic XML and vice versa, have not been made explicit: we detail such translations in this article, in both directions, study their impact in terms of complexity results, and present interesting open issues about the connections between relational and XML probabilistic data models.", "journal_title": null, "journal": null, "volume": null, "pages": null, "splash_url": "http://citeseerx.ist.psu.edu/viewdoc/summary?doi=10.1.1.337.8622", "about": 7, "doi": null, "pdf_url": "http://citeseerx.ist.psu.edu/viewdoc/summary?doi=10.1.1.337.8622", "pubtype": "preprint", "identifier": "oai:HAL:hal-00874445v1"}, "model": "papers.oairecord", "pk": 19}, {"fields": {"contributors": "Laboratoire Traitement et Communication de l'Information [Paris] (LTCI) ; T\u00e9l\u00e9com ParisTech - CNRS School of Computer Science, Tel Aviv University (TAU-CS) ; Tel Aviv University Projet MoDaS", "abstract": null, "publisher": null, "keywords": "[INFO.INFO-DB] Computer Science/Databases [INFO.INFO-WB] Computer Science/Web", "publisher_name": null, "container": null, "pubdate": null, "last_update": "2016-01-08T22:03:25.120Z", "priority": 1, "source": 1, "issue": null, "description": "We study the problem of frequent itemset mining in domains where data is not recorded in a conventional database but only exists in human knowledge. We provide examples of such scenarios, and present a crowdsourcing model for them. The model uses the crowd as an oracle to find out whether an itemset is frequent or not, and relies on a known taxonomy of the item domain to guide the search for frequent itemsets. In the spirit of data mining with oracles, we analyze the com- plexity of this problem in terms of (i) crowd complexity, that measures the number of crowd questions required to iden- tify the frequent itemsets; and (ii) computational complexity, that measures the computational effort required to choose the questions. We provide lower and upper complexity bounds in terms of the size and structure of the input taxonomy, as well as the size of a concise description of the output item- sets. We also provide constructive algorithms that achieve the upper bounds, and consider more efficient variants for practical situations. ", "journal_title": null, "journal": null, "volume": null, "pages": null, "splash_url": "https://hal-institut-mines-telecom.archives-ouvertes.fr/hal-00986184", "about": 24, "doi": null, "pdf_url": null, "pubtype": "preprint", "identifier": "oai:HAL:hal-00986184v1"}, "model": "papers.oairecord", "pk": 20}, {"fields": {"contributors": "National University of Singapore (NUS) ; NUS School of Computer Science, Tel Aviv University (TAU-CS) ; Tel Aviv University Laboratoire Traitement et Communication de l'Information [Paris] (LTCI) ; T\u00e9l\u00e9com ParisTech - CNRS", "abstract": null, "publisher": null, "keywords": "[INFO.INFO-DB] Computer Science/Databases", "publisher_name": null, "container": null, "pubdate": null, "last_update": "2016-01-08T22:03:25.243Z", "priority": 1, "source": 1, "issue": null, "description": "International audience", "journal_title": null, "journal": null, "volume": null, "pages": null, "splash_url": "https://hal-institut-mines-telecom.archives-ouvertes.fr/hal-01069820", "about": 27, "doi": null, "pdf_url": null, "pubtype": "preprint", "identifier": "oai:HAL:hal-01069820v1"}, "model": "papers.oairecord", "pk": 21}, {"fields": {"contributors": "CASCADE (INRIA Paris-Rocquencourt) ; \u00c9cole normale sup\u00e9rieure - Paris (ENS Paris) - INRIA - CNRS Laboratoire d'informatique de l'\u00e9cole normale sup\u00e9rieure (LIENS) ; CNRS - \u00c9cole normale sup\u00e9rieure - Paris (ENS Paris) Claudio A. Ardagna  Jianying Zhou", "abstract": null, "publisher": null, "keywords": "[INFO.INFO-CR] Computer Science/Cryptography and Security", "publisher_name": null, "container": null, "pubdate": null, "last_update": "2016-01-08T22:03:25.659Z", "priority": 1, "source": 1, "issue": null, "description": " In addition to its usual complexity assumptions, cryptography silently assumes that information can be physically protected in a single location. As one can easily imagine, real-life devices are not ideal and information may leak through different physical side-channels. It is a known fact that information leakage is a function of both the executed code F and its input x. In this work we explore the use of polymorphic code as a way of resisting side channel attacks. We present experimental results with procedural and functional languages. In each case we rewrite the protected code code Fi before its execution. The outcome is a genealogy of programs F0, F1, . . . such that for all inputs x and for all indexes i \u2260 j \u21d2 Fi(x) = Fj(x) and Fi ne; Fj . This is shown to increase resistance to side channel attacks. ", "journal_title": null, "journal": null, "volume": null, "pages": null, "splash_url": "https://hal.inria.fr/hal-01110259", "about": 34, "doi": null, "pdf_url": null, "pubtype": "preprint", "identifier": "oai:HAL:hal-01110259v1"}, "model": "papers.oairecord", "pk": 22}, {"fields": {"contributors": "", "abstract": null, "publisher": null, "keywords": "[INFO.INFO-DB] Computer Science [cs]/Databases [cs.DB]", "publisher_name": null, "container": null, "pubdate": null, "last_update": "2016-01-08T22:04:08.077Z", "priority": -2, "source": 9, "issue": null, "description": "International audience ; We call data intensional when it is not directly available, but must be accessed through a costlyinterface. Intensional data naturally arises in a number of Web data management scenarios, suchas Web crawling or ontology-based data access. Such scenarios require us to model an uncertainview of the world, for which, given a query, we must answer the question \u201cWhat is the best thingto do next?\u201d Once data has been retrieved, the knowledge of the world is revised, and the wholeprocess is repeated, until enough knowledge about the world has been obtained for the particularapplication considered. In this article, we give an overview of the steps underlying all intensionaldata management scenarios, and illustrate them on three concrete applications: focused crawling,online influence maximization in social networks, and mining crowdsourced data.", "journal_title": null, "journal": null, "volume": null, "pages": null, "splash_url": "https://hal-institut-mines-telecom.archives-ouvertes.fr/hal-01191721", "about": 29, "doi": null, "pdf_url": null, "pubtype": "journal-article", "identifier": "ftmemsic:oai:HAL:hal-01191721v1"}, "model": "papers.oairecord", "pk": 23}, {"fields": {"contributors": "", "abstract": null, "publisher": null, "keywords": "[INFO.INFO-DB] Computer Science [cs]/Databases [cs.DB]", "publisher_name": null, "container": null, "pubdate": null, "last_update": "2016-01-08T22:04:09.466Z", "priority": -2, "source": 9, "issue": null, "description": "International audience ; Applications extracting data from crowdsourcing platforms must deal with the uncertainty of crowd answers in two different ways: first, by deriving estimates of the correct value from the answers; second, by choosing crowd questions whose answers are expected to minimize this uncertainty relative to the overall data collection goal. Such problems are already challenging when we assume that questions are unrelated and answers are independent, but they are even more complicated when we assume that the unknown values follow hard structural constraints (such as monotonicity). In this vision paper, we examine how to formally address this issue with an approach inspired by [2]. We describe a generalized setting where we model constraints as linear inequalities, and use them to guide the choice of crowd questions and the processing of answers. We present the main challenges arising in this setting, and propose directions to solve them.", "journal_title": null, "journal": null, "volume": null, "pages": null, "splash_url": "https://hal-institut-mines-telecom.archives-ouvertes.fr/hal-01190716", "about": 3, "doi": null, "pdf_url": null, "pubtype": "proceedings", "identifier": "ftmemsic:oai:HAL:hal-01190716v1"}, "model": "papers.oairecord", "pk": 24}, {"fields": {"contributors": "", "abstract": null, "publisher": null, "keywords": "cc-by", "publisher_name": null, "container": null, "pubdate": null, "last_update": "2016-01-08T22:04:10.670Z", "priority": -2, "source": 9, "issue": null, "description": "Shape-memory alloys are metal pieces that \"remember\" their original cold-forged shapes and return to the pre-deformed shape after heating. In this work we construct a software analogous of shape-memory alloys: programs whose code resists obfuscation. We show how to pour arbitrary functions into protective envelops that allow recovering the functions' exact initial code after obfuscation. We explicit the theoretical foundations of our method and provide a concrete implementation in Scheme.", "journal_title": null, "journal": null, "volume": null, "pages": null, "splash_url": "http://zenodo.org/record/32155", "about": 31, "doi": null, "pdf_url": "http://zenodo.org/record/32155", "pubtype": "journal-article", "identifier": "ftzenodo:oai:zenodo.org:32155"}, "model": "papers.oairecord", "pk": 25}, {"fields": {"contributors": "", "abstract": null, "publisher": null, "keywords": "[INFO.INFO-DB] Computer Science [cs]/Databases [cs.DB]", "publisher_name": null, "container": null, "pubdate": null, "last_update": "2016-01-08T22:04:11.630Z", "priority": -2, "source": 9, "issue": null, "description": "Many data management applications must deal with data which is uncertain, incomplete, or noisy. However, on existing uncertain data representations, we cannot tractably perform the important query evaluation tasks of determining query possibility, certainty, or probability: these problems are hard on arbitrary uncertain input instances. We thus ask whether we could restrict the structure of uncertain data so as to guarantee the tractability of exact query evaluation. We present our tractability results for tree and tree-like uncertain data, and a vision for probabilistic rule reasoning. We also study uncertainty about order, proposing a suitable representation, and study uncertain data conditioned by additional observations. ; Comment: 11 pages, 1 figure, 1 table. To appear in SIGMOD/PODS PhD Symposium 2015", "journal_title": null, "journal": null, "volume": null, "pages": null, "splash_url": "http://arxiv.org/abs/1507.04955", "about": 32, "doi": null, "pdf_url": "http://arxiv.org/abs/1507.04955", "pubtype": "proceedings", "identifier": "ftartxiker:oai:HAL:hal-01190610v1"}, "model": "papers.oairecord", "pk": 26}, {"fields": {"contributors": "", "abstract": null, "publisher": null, "keywords": "[INFO:INFO_DB] Computer Science/Databases", "publisher_name": null, "container": null, "pubdate": null, "last_update": "2016-01-08T22:04:12.253Z", "priority": -2, "source": 9, "issue": null, "description": "---", "journal_title": null, "journal": null, "volume": null, "pages": null, "splash_url": "http://hal-institut-mines-telecom.archives-ouvertes.fr/hal-00874445", "about": 7, "doi": null, "pdf_url": null, "pubtype": "preprint", "identifier": "ftccsdartic:oai:hal-institut-mines-telecom.archives-ouvertes.fr:hal-00874445"}, "model": "papers.oairecord", "pk": 27}, {"fields": {"contributors": "", "abstract": null, "publisher": null, "keywords": "[INFO.INFO-CR] Computer Science/Cryptography and Security", "publisher_name": null, "container": null, "pubdate": null, "last_update": "2016-01-08T22:04:15.311Z", "priority": -2, "source": 9, "issue": null, "description": "International audience ; In addition to its usual complexity assumptions, cryptography silently assumes that information can be physically protected in a single location. As one can easily imagine, real-life devices are not ideal and information may leak through different physical side-channels. It is a known fact that information leakage is a function of both the executed code F and its input x. In this work we explore the use of polymorphic code as a way of resisting side channel attacks. We present experimental results with procedural and functional languages. In each case we rewrite the protected code code Fi before its execution. The outcome is a genealogy of programs F0, F1, . . . such that for all inputs x and for all indexes i \u2260 j \u21d2 Fi(x) = Fj(x) and Fi ne; Fj . This is shown to increase resistance to side channel attacks.", "journal_title": null, "journal": null, "volume": null, "pages": null, "splash_url": "https://hal.inria.fr/hal-01110259", "about": 34, "doi": null, "pdf_url": null, "pubtype": "preprint", "identifier": "ftartxiker:oai:HAL:hal-01110259v1"}, "model": "papers.oairecord", "pk": 28}, {"fields": {"contributors": null, "abstract": null, "publisher": 1, "keywords": null, "publisher_name": "Association for Computing Machinery (ACM)", "container": null, "pubdate": "2015-08-17", "last_update": "2016-05-21T07:04:49.317Z", "priority": 1, "source": 11, "issue": "Summer 2015", "description": null, "journal_title": "ACM SIGWEB Newsletter", "journal": null, "volume": null, "pages": "1-12", "splash_url": "https://doi.org/10.1145/2808000.2808004", "about": 29, "doi": "10.1145/2808000.2808004", "pdf_url": null, "pubtype": "journal-article", "identifier": "oai:crossref.org:10.1145/2808000.2808004"}, "model": "papers.oairecord", "pk": 29}, {"fields": {"contributors": null, "abstract": null, "publisher": 2, "keywords": null, "publisher_name": "Springer Science + Business Media", "container": null, "pubdate": "2014-01-01", "last_update": "2016-05-21T07:04:49.322Z", "priority": 1, "source": 11, "issue": null, "description": null, "journal_title": "Lecture Notes in Computer Science", "journal": 1, "volume": null, "pages": "20-34", "splash_url": "https://doi.org/10.1007/978-3-319-10073-9_3", "about": 30, "doi": "10.1007/978-3-319-10073-9_3", "pdf_url": null, "pubtype": "book-chapter", "identifier": "oai:crossref.org:10.1007/978-3-319-10073-9_3"}, "model": "papers.oairecord", "pk": 30}, {"fields": {"contributors": null, "abstract": null, "publisher": 2, "keywords": null, "publisher_name": "Springer Science + Business Media", "container": null, "pubdate": "2014-01-01", "last_update": "2016-05-21T07:04:49.327Z", "priority": 1, "source": 11, "issue": null, "description": null, "journal_title": "Database Systems for Advanced Applications", "journal": 1, "volume": null, "pages": "351-359", "splash_url": "https://doi.org/10.1007/978-3-662-43984-5_27", "about": 3, "doi": "10.1007/978-3-662-43984-5_27", "pdf_url": null, "pubtype": "book-chapter", "identifier": "oai:crossref.org:10.1007/978-3-662-43984-5_27"}, "model": "papers.oairecord", "pk": 31}, {"fields": {"contributors": null, "abstract": null, "publisher": 3, "keywords": null, "publisher_name": "Institute of Electrical & Electronics Engineers (IEEE)", "container": null, "pubdate": "2015-07-01", "last_update": "2016-05-21T07:04:49.332Z", "priority": 1, "source": 11, "issue": null, "description": null, "journal_title": "2015 30th Annual ACM/IEEE Symposium on Logic in Computer Science", "journal": null, "volume": null, "pages": null, "splash_url": "https://doi.org/10.1109/lics.2015.37", "about": 4, "doi": "10.1109/lics.2015.37", "pdf_url": null, "pubtype": "proceedings-article", "identifier": "oai:crossref.org:10.1109/lics.2015.37"}, "model": "papers.oairecord", "pk": 32}, {"fields": {"contributors": null, "abstract": null, "publisher": 2, "keywords": null, "publisher_name": "Springer Science + Business Media", "container": null, "pubdate": "2011-01-01", "last_update": "2016-05-21T07:04:49.337Z", "priority": 1, "source": 11, "issue": null, "description": null, "journal_title": "Cryptography and Coding", "journal": 1, "volume": null, "pages": "1-9", "splash_url": "https://doi.org/10.1007/978-3-642-25516-8_1", "about": 31, "doi": "10.1007/978-3-642-25516-8_1", "pdf_url": null, "pubtype": "book-chapter", "identifier": "oai:crossref.org:10.1007/978-3-642-25516-8_1"}, "model": "papers.oairecord", "pk": 33}, {"fields": {"contributors": null, "abstract": null, "publisher": 1, "keywords": null, "publisher_name": "Association for Computing Machinery (ACM)", "container": null, "pubdate": "2015-01-01", "last_update": "2016-05-21T07:04:49.341Z", "priority": 1, "source": 11, "issue": null, "description": null, "journal_title": "Proceedings of the 2015 ACM SIGMOD on PhD Symposium - SIGMOD '15 PhD Symposium", "journal": null, "volume": null, "pages": null, "splash_url": "https://doi.org/10.1145/2744680.2744690", "about": 32, "doi": "10.1145/2744680.2744690", "pdf_url": null, "pubtype": "proceedings-article", "identifier": "oai:crossref.org:10.1145/2744680.2744690"}, "model": "papers.oairecord", "pk": 34}, {"fields": {"contributors": null, "abstract": null, "publisher": 2, "keywords": null, "publisher_name": "Springer Science + Business Media", "container": null, "pubdate": "2013-01-01", "last_update": "2016-05-21T07:04:49.346Z", "priority": 1, "source": 11, "issue": null, "description": null, "journal_title": "Big Data", "journal": 1, "volume": null, "pages": "121-134", "splash_url": "https://doi.org/10.1007/978-3-642-39467-6_13", "about": 7, "doi": "10.1007/978-3-642-39467-6_13", "pdf_url": null, "pubtype": "book-chapter", "identifier": "oai:crossref.org:10.1007/978-3-642-39467-6_13"}, "model": "papers.oairecord", "pk": 35}, {"fields": {"contributors": null, "abstract": null, "publisher": 2, "keywords": null, "publisher_name": "Springer Science + Business Media", "container": null, "pubdate": "2015-01-01", "last_update": "2016-05-21T07:04:49.351Z", "priority": 1, "source": 11, "issue": null, "description": null, "journal_title": "Automata, Languages, and Programming", "journal": 1, "volume": null, "pages": "56-68", "splash_url": "https://doi.org/10.1007/978-3-662-47666-6_5", "about": 8, "doi": "10.1007/978-3-662-47666-6_5", "pdf_url": null, "pubtype": "book-chapter", "identifier": "oai:crossref.org:10.1007/978-3-662-47666-6_5"}, "model": "papers.oairecord", "pk": 36}, {"fields": {"contributors": null, "abstract": null, "publisher": 2, "keywords": null, "publisher_name": "Springer Science + Business Media", "container": null, "pubdate": "2013-01-01", "last_update": "2016-05-21T07:04:49.355Z", "priority": 1, "source": 11, "issue": null, "description": null, "journal_title": "Trustworthy Global Computing", "journal": 1, "volume": null, "pages": "1-18", "splash_url": "https://doi.org/10.1007/978-3-642-41157-1_1", "about": 9, "doi": "10.1007/978-3-642-41157-1_1", "pdf_url": null, "pubtype": "book-chapter", "identifier": "oai:crossref.org:10.1007/978-3-642-41157-1_1"}, "model": "papers.oairecord", "pk": 37}, {"fields": {"contributors": null, "abstract": null, "publisher": 2, "keywords": null, "publisher_name": "Springer Science + Business Media", "container": null, "pubdate": "2014-01-01", "last_update": "2016-05-21T07:04:49.360Z", "priority": 1, "source": 11, "issue": null, "description": null, "journal_title": "Web Technologies and Applications", "journal": 1, "volume": null, "pages": "1-12", "splash_url": "https://doi.org/10.1007/978-3-319-11116-2_1", "about": 10, "doi": "10.1007/978-3-319-11116-2_1", "pdf_url": null, "pubtype": "book-chapter", "identifier": "oai:crossref.org:10.1007/978-3-319-11116-2_1"}, "model": "papers.oairecord", "pk": 38}, {"fields": {"contributors": null, "abstract": null, "publisher": 1, "keywords": null, "publisher_name": "Association for Computing Machinery (ACM)", "container": null, "pubdate": "2010-01-01", "last_update": "2016-05-21T07:04:49.365Z", "priority": 1, "source": 11, "issue": null, "description": null, "journal_title": "Proceedings of the 18th International Workshop on Web and Databases - WebDB'15", "journal": null, "volume": null, "pages": null, "splash_url": "https://doi.org/10.1145/2767109.2767116", "about": 11, "doi": "10.1145/2767109.2767116", "pdf_url": null, "pubtype": "proceedings-article", "identifier": "oai:crossref.org:10.1145/2767109.2767116"}, "model": "papers.oairecord", "pk": 39}, {"fields": {"contributors": null, "abstract": null, "publisher": 2, "keywords": null, "publisher_name": "Springer Science + Business Media", "container": null, "pubdate": "2016-01-01", "last_update": "2016-05-21T07:04:49.370Z", "priority": 1, "source": 11, "issue": null, "description": null, "journal_title": "Transactions on Large-Scale Data- and Knowledge-Centered Systems XXIV", "journal": 1, "volume": null, "pages": "116-138", "splash_url": "https://doi.org/10.1007/978-3-662-49214-7_4", "about": 33, "doi": "10.1007/978-3-662-49214-7_4", "pdf_url": null, "pubtype": "book-chapter", "identifier": "oai:crossref.org:10.1007/978-3-662-49214-7_4"}, "model": "papers.oairecord", "pk": 40}, {"fields": {"contributors": null, "abstract": null, "publisher": 2, "keywords": null, "publisher_name": "Springer Science + Business Media", "container": null, "pubdate": "2011-01-01", "last_update": "2016-05-21T07:04:49.374Z", "priority": 1, "source": 11, "issue": null, "description": null, "journal_title": "Information Security Theory and Practice. Security and Privacy of Mobile Devices in Wireless Communication", "journal": 1, "volume": null, "pages": "1-21", "splash_url": "https://doi.org/10.1007/978-3-642-21040-2_1", "about": 34, "doi": "10.1007/978-3-642-21040-2_1", "pdf_url": null, "pubtype": "book-chapter", "identifier": "oai:crossref.org:10.1007/978-3-642-21040-2_1"}, "model": "papers.oairecord", "pk": 41}, {"fields": {"codename": "add_logentry", "name": "Can add log entry", "content_type": ["admin", "logentry"]}, "model": "auth.permission", "pk": 1}, {"fields": {"codename": "change_logentry", "name": "Can change log entry", "content_type": ["admin", "logentry"]}, "model": "auth.permission", "pk": 2}, {"fields": {"codename": "delete_logentry", "name": "Can delete log entry", "content_type": ["admin", "logentry"]}, "model": "auth.permission", "pk": 3}, {"fields": {"codename": "add_permission", "name": "Can add permission", "content_type": ["auth", "permission"]}, "model": "auth.permission", "pk": 4}, {"fields": {"codename": "change_permission", "name": "Can change permission", "content_type": ["auth", "permission"]}, "model": "auth.permission", "pk": 5}, {"fields": {"codename": "delete_permission", "name": "Can delete permission", "content_type": ["auth", "permission"]}, "model": "auth.permission", "pk": 6}, {"fields": {"codename": "add_group", "name": "Can add group", "content_type": ["auth", "group"]}, "model": "auth.permission", "pk": 7}, {"fields": {"codename": "change_group", "name": "Can change group", "content_type": ["auth", "group"]}, "model": "auth.permission", "pk": 8}, {"fields": {"codename": "delete_group", "name": "Can delete group", "content_type": ["auth", "group"]}, "model": "auth.permission", "pk": 9}, {"fields": {"codename": "add_user", "name": "Can add user", "content_type": ["auth", "user"]}, "model": "auth.permission", "pk": 10}, {"fields": {"codename": "change_user", "name": "Can change user", "content_type": ["auth", "user"]}, "model": "auth.permission", "pk": 11}, {"fields": {"codename": "delete_user", "name": "Can delete user", "content_type": ["auth", "user"]}, "model": "auth.permission", "pk": 12}, {"fields": {"codename": "add_contenttype", "name": "Can add content type", "content_type": ["contenttypes", "contenttype"]}, "model": "auth.permission", "pk": 13}, {"fields": {"codename": "change_contenttype", "name": "Can change content type", "content_type": ["contenttypes", "contenttype"]}, "model": "auth.permission", "pk": 14}, {"fields": {"codename": "delete_contenttype", "name": "Can delete content type", "content_type": ["contenttypes", "contenttype"]}, "model": "auth.permission", "pk": 15}, {"fields": {"codename": "add_session", "name": "Can add session", "content_type": ["sessions", "session"]}, "model": "auth.permission", "pk": 16}, {"fields": {"codename": "change_session", "name": "Can change session", "content_type": ["sessions", "session"]}, "model": "auth.permission", "pk": 17}, {"fields": {"codename": "delete_session", "name": "Can delete session", "content_type": ["sessions", "session"]}, "model": "auth.permission", "pk": 18}, {"fields": {"codename": "add_site", "name": "Can add site", "content_type": ["sites", "site"]}, "model": "auth.permission", "pk": 19}, {"fields": {"codename": "change_site", "name": "Can change site", "content_type": ["sites", "site"]}, "model": "auth.permission", "pk": 20}, {"fields": {"codename": "delete_site", "name": "Can delete site", "content_type": ["sites", "site"]}, "model": "auth.permission", "pk": 21}, {"fields": {"codename": "add_emailaddress", "name": "Can add email address", "content_type": ["account", "emailaddress"]}, "model": "auth.permission", "pk": 22}, {"fields": {"codename": "change_emailaddress", "name": "Can change email address", "content_type": ["account", "emailaddress"]}, "model": "auth.permission", "pk": 23}, {"fields": {"codename": "delete_emailaddress", "name": "Can delete email address", "content_type": ["account", "emailaddress"]}, "model": "auth.permission", "pk": 24}, {"fields": {"codename": "add_emailconfirmation", "name": "Can add email confirmation", "content_type": ["account", "emailconfirmation"]}, "model": "auth.permission", "pk": 25}, {"fields": {"codename": "change_emailconfirmation", "name": "Can change email confirmation", "content_type": ["account", "emailconfirmation"]}, "model": "auth.permission", "pk": 26}, {"fields": {"codename": "delete_emailconfirmation", "name": "Can delete email confirmation", "content_type": ["account", "emailconfirmation"]}, "model": "auth.permission", "pk": 27}, {"fields": {"codename": "add_socialapp", "name": "Can add social application", "content_type": ["socialaccount", "socialapp"]}, "model": "auth.permission", "pk": 28}, {"fields": {"codename": "change_socialapp", "name": "Can change social application", "content_type": ["socialaccount", "socialapp"]}, "model": "auth.permission", "pk": 29}, {"fields": {"codename": "delete_socialapp", "name": "Can delete social application", "content_type": ["socialaccount", "socialapp"]}, "model": "auth.permission", "pk": 30}, {"fields": {"codename": "add_socialaccount", "name": "Can add social account", "content_type": ["socialaccount", "socialaccount"]}, "model": "auth.permission", "pk": 31}, {"fields": {"codename": "change_socialaccount", "name": "Can change social account", "content_type": ["socialaccount", "socialaccount"]}, "model": "auth.permission", "pk": 32}, {"fields": {"codename": "delete_socialaccount", "name": "Can delete social account", "content_type": ["socialaccount", "socialaccount"]}, "model": "auth.permission", "pk": 33}, {"fields": {"codename": "add_socialtoken", "name": "Can add social application token", "content_type": ["socialaccount", "socialtoken"]}, "model": "auth.permission", "pk": 34}, {"fields": {"codename": "change_socialtoken", "name": "Can change social application token", "content_type": ["socialaccount", "socialtoken"]}, "model": "auth.permission", "pk": 35}, {"fields": {"codename": "delete_socialtoken", "name": "Can delete social application token", "content_type": ["socialaccount", "socialtoken"]}, "model": "auth.permission", "pk": 36}, {"fields": {"codename": "add_accessstatistics", "name": "Can add access statistics", "content_type": ["statistics", "accessstatistics"]}, "model": "auth.permission", "pk": 37}, {"fields": {"codename": "change_accessstatistics", "name": "Can change access statistics", "content_type": ["statistics", "accessstatistics"]}, "model": "auth.permission", "pk": 38}, {"fields": {"codename": "delete_accessstatistics", "name": "Can delete access statistics", "content_type": ["statistics", "accessstatistics"]}, "model": "auth.permission", "pk": 39}, {"fields": {"codename": "add_publisher", "name": "Can add publisher", "content_type": ["publishers", "publisher"]}, "model": "auth.permission", "pk": 40}, {"fields": {"codename": "change_publisher", "name": "Can change publisher", "content_type": ["publishers", "publisher"]}, "model": "auth.permission", "pk": 41}, {"fields": {"codename": "delete_publisher", "name": "Can delete publisher", "content_type": ["publishers", "publisher"]}, "model": "auth.permission", "pk": 42}, {"fields": {"codename": "add_journal", "name": "Can add journal", "content_type": ["publishers", "journal"]}, "model": "auth.permission", "pk": 43}, {"fields": {"codename": "change_journal", "name": "Can change journal", "content_type": ["publishers", "journal"]}, "model": "auth.permission", "pk": 44}, {"fields": {"codename": "delete_journal", "name": "Can delete journal", "content_type": ["publishers", "journal"]}, "model": "auth.permission", "pk": 45}, {"fields": {"codename": "add_publishercondition", "name": "Can add publisher condition", "content_type": ["publishers", "publishercondition"]}, "model": "auth.permission", "pk": 46}, {"fields": {"codename": "change_publishercondition", "name": "Can change publisher condition", "content_type": ["publishers", "publishercondition"]}, "model": "auth.permission", "pk": 47}, {"fields": {"codename": "delete_publishercondition", "name": "Can delete publisher condition", "content_type": ["publishers", "publishercondition"]}, "model": "auth.permission", "pk": 48}, {"fields": {"codename": "add_publishercopyrightlink", "name": "Can add publisher copyright link", "content_type": ["publishers", "publishercopyrightlink"]}, "model": "auth.permission", "pk": 49}, {"fields": {"codename": "change_publishercopyrightlink", "name": "Can change publisher copyright link", "content_type": ["publishers", "publishercopyrightlink"]}, "model": "auth.permission", "pk": 50}, {"fields": {"codename": "delete_publishercopyrightlink", "name": "Can delete publisher copyright link", "content_type": ["publishers", "publishercopyrightlink"]}, "model": "auth.permission", "pk": 51}, {"fields": {"codename": "add_publisherrestrictiondetail", "name": "Can add publisher restriction detail", "content_type": ["publishers", "publisherrestrictiondetail"]}, "model": "auth.permission", "pk": 52}, {"fields": {"codename": "change_publisherrestrictiondetail", "name": "Can change publisher restriction detail", "content_type": ["publishers", "publisherrestrictiondetail"]}, "model": "auth.permission", "pk": 53}, {"fields": {"codename": "delete_publisherrestrictiondetail", "name": "Can delete publisher restriction detail", "content_type": ["publishers", "publisherrestrictiondetail"]}, "model": "auth.permission", "pk": 54}, {"fields": {"codename": "add_aliaspublisher", "name": "Can add alias publisher", "content_type": ["publishers", "aliaspublisher"]}, "model": "auth.permission", "pk": 55}, {"fields": {"codename": "change_aliaspublisher", "name": "Can change alias publisher", "content_type": ["publishers", "aliaspublisher"]}, "model": "auth.permission", "pk": 56}, {"fields": {"codename": "delete_aliaspublisher", "name": "Can delete alias publisher", "content_type": ["publishers", "aliaspublisher"]}, "model": "auth.permission", "pk": 57}, {"fields": {"codename": "add_institution", "name": "Can add institution", "content_type": ["papers", "institution"]}, "model": "auth.permission", "pk": 58}, {"fields": {"codename": "change_institution", "name": "Can change institution", "content_type": ["papers", "institution"]}, "model": "auth.permission", "pk": 59}, {"fields": {"codename": "delete_institution", "name": "Can delete institution", "content_type": ["papers", "institution"]}, "model": "auth.permission", "pk": 60}, {"fields": {"codename": "add_department", "name": "Can add department", "content_type": ["papers", "department"]}, "model": "auth.permission", "pk": 61}, {"fields": {"codename": "change_department", "name": "Can change department", "content_type": ["papers", "department"]}, "model": "auth.permission", "pk": 62}, {"fields": {"codename": "delete_department", "name": "Can delete department", "content_type": ["papers", "department"]}, "model": "auth.permission", "pk": 63}, {"fields": {"codename": "add_namevariant", "name": "Can add name variant", "content_type": ["papers", "namevariant"]}, "model": "auth.permission", "pk": 64}, {"fields": {"codename": "change_namevariant", "name": "Can change name variant", "content_type": ["papers", "namevariant"]}, "model": "auth.permission", "pk": 65}, {"fields": {"codename": "delete_namevariant", "name": "Can delete name variant", "content_type": ["papers", "namevariant"]}, "model": "auth.permission", "pk": 66}, {"fields": {"codename": "add_researcher", "name": "Can add researcher", "content_type": ["papers", "researcher"]}, "model": "auth.permission", "pk": 67}, {"fields": {"codename": "change_researcher", "name": "Can change researcher", "content_type": ["papers", "researcher"]}, "model": "auth.permission", "pk": 68}, {"fields": {"codename": "delete_researcher", "name": "Can delete researcher", "content_type": ["papers", "researcher"]}, "model": "auth.permission", "pk": 69}, {"fields": {"codename": "add_name", "name": "Can add name", "content_type": ["papers", "name"]}, "model": "auth.permission", "pk": 70}, {"fields": {"codename": "change_name", "name": "Can change name", "content_type": ["papers", "name"]}, "model": "auth.permission", "pk": 71}, {"fields": {"codename": "delete_name", "name": "Can delete name", "content_type": ["papers", "name"]}, "model": "auth.permission", "pk": 72}, {"fields": {"codename": "add_paper", "name": "Can add paper", "content_type": ["papers", "paper"]}, "model": "auth.permission", "pk": 73}, {"fields": {"codename": "change_paper", "name": "Can change paper", "content_type": ["papers", "paper"]}, "model": "auth.permission", "pk": 74}, {"fields": {"codename": "delete_paper", "name": "Can delete paper", "content_type": ["papers", "paper"]}, "model": "auth.permission", "pk": 75}, {"fields": {"codename": "add_author", "name": "Can add author", "content_type": ["papers", "author"]}, "model": "auth.permission", "pk": 76}, {"fields": {"codename": "change_author", "name": "Can change author", "content_type": ["papers", "author"]}, "model": "auth.permission", "pk": 77}, {"fields": {"codename": "delete_author", "name": "Can delete author", "content_type": ["papers", "author"]}, "model": "auth.permission", "pk": 78}, {"fields": {"codename": "add_publication", "name": "Can add publication", "content_type": ["papers", "publication"]}, "model": "auth.permission", "pk": 79}, {"fields": {"codename": "change_publication", "name": "Can change publication", "content_type": ["papers", "publication"]}, "model": "auth.permission", "pk": 80}, {"fields": {"codename": "delete_publication", "name": "Can delete publication", "content_type": ["papers", "publication"]}, "model": "auth.permission", "pk": 81}, {"fields": {"codename": "add_oaisource", "name": "Can add OAI source", "content_type": ["papers", "oaisource"]}, "model": "auth.permission", "pk": 82}, {"fields": {"codename": "change_oaisource", "name": "Can change OAI source", "content_type": ["papers", "oaisource"]}, "model": "auth.permission", "pk": 83}, {"fields": {"codename": "delete_oaisource", "name": "Can delete OAI source", "content_type": ["papers", "oaisource"]}, "model": "auth.permission", "pk": 84}, {"fields": {"codename": "add_oairecord", "name": "Can add OAI record", "content_type": ["papers", "oairecord"]}, "model": "auth.permission", "pk": 85}, {"fields": {"codename": "change_oairecord", "name": "Can change OAI record", "content_type": ["papers", "oairecord"]}, "model": "auth.permission", "pk": 86}, {"fields": {"codename": "delete_oairecord", "name": "Can delete OAI record", "content_type": ["papers", "oairecord"]}, "model": "auth.permission", "pk": 87}, {"fields": {"codename": "add_paperworld", "name": "Can add Paper World", "content_type": ["papers", "paperworld"]}, "model": "auth.permission", "pk": 88}, {"fields": {"codename": "change_paperworld", "name": "Can change Paper World", "content_type": ["papers", "paperworld"]}, "model": "auth.permission", "pk": 89}, {"fields": {"codename": "delete_paperworld", "name": "Can delete Paper World", "content_type": ["papers", "paperworld"]}, "model": "auth.permission", "pk": 90}, {"fields": {"codename": "add_annotation", "name": "Can add annotation", "content_type": ["papers", "annotation"]}, "model": "auth.permission", "pk": 91}, {"fields": {"codename": "change_annotation", "name": "Can change annotation", "content_type": ["papers", "annotation"]}, "model": "auth.permission", "pk": 92}, {"fields": {"codename": "delete_annotation", "name": "Can delete annotation", "content_type": ["papers", "annotation"]}, "model": "auth.permission", "pk": 93}, {"fields": {"codename": "add_uploadedpdf", "name": "Can add Uploaded PDF", "content_type": ["upload", "uploadedpdf"]}, "model": "auth.permission", "pk": 94}, {"fields": {"codename": "change_uploadedpdf", "name": "Can change Uploaded PDF", "content_type": ["upload", "uploadedpdf"]}, "model": "auth.permission", "pk": 95}, {"fields": {"codename": "delete_uploadedpdf", "name": "Can delete Uploaded PDF", "content_type": ["upload", "uploadedpdf"]}, "model": "auth.permission", "pk": 96}, {"fields": {"codename": "add_repository", "name": "Can add repository", "content_type": ["deposit", "repository"]}, "model": "auth.permission", "pk": 97}, {"fields": {"codename": "change_repository", "name": "Can change repository", "content_type": ["deposit", "repository"]}, "model": "auth.permission", "pk": 98}, {"fields": {"codename": "delete_repository", "name": "Can delete repository", "content_type": ["deposit", "repository"]}, "model": "auth.permission", "pk": 99}, {"fields": {"codename": "add_depositrecord", "name": "Can add deposit record", "content_type": ["deposit", "depositrecord"]}, "model": "auth.permission", "pk": 100}, {"fields": {"codename": "change_depositrecord", "name": "Can change deposit record", "content_type": ["deposit", "depositrecord"]}, "model": "auth.permission", "pk": 101}, {"fields": {"codename": "delete_depositrecord", "name": "Can delete deposit record", "content_type": ["deposit", "depositrecord"]}, "model": "auth.permission", "pk": 102}, {"fields": {"codename": "add_notification", "name": "Can add notification", "content_type": ["notification", "notification"]}, "model": "auth.permission", "pk": 103}, {"fields": {"codename": "change_notification", "name": "Can change notification", "content_type": ["notification", "notification"]}, "model": "auth.permission", "pk": 104}, {"fields": {"codename": "delete_notification", "name": "Can delete notification", "content_type": ["notification", "notification"]}, "model": "auth.permission", "pk": 105}, {"fields": {"codename": "add_notificationarchive", "name": "Can add notification archive", "content_type": ["notification", "notificationarchive"]}, "model": "auth.permission", "pk": 106}, {"fields": {"codename": "change_notificationarchive", "name": "Can change notification archive", "content_type": ["notification", "notificationarchive"]}, "model": "auth.permission", "pk": 107}, {"fields": {"codename": "delete_notificationarchive", "name": "Can delete notification archive", "content_type": ["notification", "notificationarchive"]}, "model": "auth.permission", "pk": 108}, {"fields": {"codename": "add_inbox", "name": "Can add inbox", "content_type": ["notification", "inbox"]}, "model": "auth.permission", "pk": 109}, {"fields": {"codename": "change_inbox", "name": "Can change inbox", "content_type": ["notification", "inbox"]}, "model": "auth.permission", "pk": 110}, {"fields": {"codename": "delete_inbox", "name": "Can delete inbox", "content_type": ["notification", "inbox"]}, "model": "auth.permission", "pk": 111}, {"fields": {"last_harvest": null, "stats": 1, "name": 1, "harvester": null, "empty_orcid_profile": null, "current_task": null, "orcid": null, "role": null, "user": null, "department": 1, "homepage": null, "email": null}, "model": "papers.researcher", "pk": 1}, {"fields": {"last_harvest": null, "stats": 2, "name": 2, "harvester": null, "empty_orcid_profile": null, "current_task": null, "orcid": null, "role": null, "user": null, "department": 1, "homepage": null, "email": null}, "model": "papers.researcher", "pk": 2}, {"fields": {"last_harvest": null, "stats": 3, "name": 3, "harvester": null, "empty_orcid_profile": null, "current_task": null, "orcid": null, "role": null, "user": null, "department": 2, "homepage": null, "email": null}, "model": "papers.researcher", "pk": 3}, {"fields": {"last_harvest": null, "stats": 4, "name": 4, "harvester": null, "empty_orcid_profile": null, "current_task": null, "orcid": "0000-0002-8612-8827", "role": null, "user": null, "department": 2, "homepage": null, "email": null}, "model": "papers.researcher", "pk": 4}, {"fields": {"last_harvest": null, "stats": 5, "name": 5, "harvester": null, "empty_orcid_profile": null, "current_task": null, "orcid": null, "role": null, "user": null, "department": null, "homepage": null, "email": null}, "model": "papers.researcher", "pk": 5}]