[{"model": "auth.user", "pk": 1, "fields": {"password": "pbkdf2_sha256$24000$krTWLyiOpOqr$srVnQYjI5QI6Q28QRN38rsD3dFp7AdyPcjNurTUcUSI=", "last_login": "2016-07-23T02:00:13.670Z", "is_superuser": true, "username": "dissemin", "first_name": "", "last_name": "", "email": "", "is_staff": true, "is_active": true, "date_joined": "2016-07-23T02:00:09.560Z", "groups": [], "user_permissions": []}}, {"model": "sessions.session", "pk": "o9kob1zdaoy6al6tqjmu04ulrb8kbeqn", "fields": {"session_data": "OWI5MDZkNmZiYzQ0NzA2NjgyNDRjMzRiNzY1YjQyM2I1YzhjMmVhNzp7Il9hdXRoX3VzZXJfaGFzaCI6IjY3OWE1YzA4MDE3OTc0OWRiOGYxNzUxNTk3MGRiZWJiZGY0MDFiZjAiLCJfYXV0aF91c2VyX2JhY2tlbmQiOiJkamFuZ28uY29udHJpYi5hdXRoLmJhY2tlbmRzLk1vZGVsQmFja2VuZCIsIl9hdXRoX3VzZXJfaWQiOiIxIn0=", "expire_date": "2016-08-06T02:00:13.711Z"}}, {"model": "sites.site", "pk": 1, "fields": {"domain": "example.com", "name": "example.com"}}, {"model": "socialaccount.socialapp", "pk": 1, "fields": {"provider": "orcid", "name": "Orcid sandbox", "client_id": "APP-ZAKE3VEWSG31TWSE", "secret": "5f0464c4-375a-4925-84ff-95b0d410cad8", "key": "", "sites": [["example.com"]]}}, {"model": "statistics.accessstatistics", "pk": 1, "fields": {"num_oa": 1, "num_ok": 0, "num_couldbe": 11, "num_unk": 1, "num_closed": 0, "num_tot": 13}}, {"model": "statistics.accessstatistics", "pk": 2, "fields": {"num_oa": 0, "num_ok": 0, "num_couldbe": 11, "num_unk": 0, "num_closed": 0, "num_tot": 11}}, {"model": "statistics.accessstatistics", "pk": 3, "fields": {"num_oa": 1, "num_ok": 0, "num_couldbe": 0, "num_unk": 1, "num_closed": 0, "num_tot": 2}}, {"model": "statistics.accessstatistics", "pk": 4, "fields": {"num_oa": 0, "num_ok": 0, "num_couldbe": 0, "num_unk": 0, "num_closed": 0, "num_tot": 0}}, {"model": "statistics.accessstatistics", "pk": 5, "fields": {"num_oa": 0, "num_ok": 0, "num_couldbe": 0, "num_unk": 0, "num_closed": 0, "num_tot": 0}}, {"model": "statistics.accessstatistics", "pk": 6, "fields": {"num_oa": 0, "num_ok": 0, "num_couldbe": 0, "num_unk": 0, "num_closed": 0, "num_tot": 0}}, {"model": "statistics.accessstatistics", "pk": 7, "fields": {"num_oa": 0, "num_ok": 0, "num_couldbe": 8, "num_unk": 0, "num_closed": 0, "num_tot": 8}}, {"model": "statistics.accessstatistics", "pk": 8, "fields": {"num_oa": 0, "num_ok": 0, "num_couldbe": 8, "num_unk": 0, "num_closed": 0, "num_tot": 8}}, {"model": "statistics.accessstatistics", "pk": 9, "fields": {"num_oa": 0, "num_ok": 0, "num_couldbe": 11, "num_unk": 0, "num_closed": 0, "num_tot": 11}}, {"model": "statistics.accessstatistics", "pk": 10, "fields": {"num_oa": 0, "num_ok": 0, "num_couldbe": 11, "num_unk": 0, "num_closed": 0, "num_tot": 11}}, {"model": "statistics.accessstatistics", "pk": 11, "fields": {"num_oa": 0, "num_ok": 0, "num_couldbe": 0, "num_unk": 0, "num_closed": 0, "num_tot": 0}}, {"model": "statistics.accessstatistics", "pk": 12, "fields": {"num_oa": 0, "num_ok": 0, "num_couldbe": 2, "num_unk": 0, "num_closed": 0, "num_tot": 2}}, {"model": "statistics.accessstatistics", "pk": 13, "fields": {"num_oa": 0, "num_ok": 0, "num_couldbe": 1, "num_unk": 0, "num_closed": 0, "num_tot": 1}}, {"model": "statistics.accessstatistics", "pk": 14, "fields": {"num_oa": 1, "num_ok": 0, "num_couldbe": 0, "num_unk": 0, "num_closed": 0, "num_tot": 1}}, {"model": "statistics.accessstatistics", "pk": 15, "fields": {"num_oa": 0, "num_ok": 0, "num_couldbe": 0, "num_unk": 0, "num_closed": 0, "num_tot": 0}}, {"model": "statistics.accessstatistics", "pk": 16, "fields": {"num_oa": 1, "num_ok": 0, "num_couldbe": 0, "num_unk": 0, "num_closed": 0, "num_tot": 1}}, {"model": "statistics.accessstatistics", "pk": 17, "fields": {"num_oa": 0, "num_ok": 0, "num_couldbe": 0, "num_unk": 0, "num_closed": 0, "num_tot": 0}}, {"model": "statistics.accessstatistics", "pk": 18, "fields": {"num_oa": 0, "num_ok": 0, "num_couldbe": 0, "num_unk": 0, "num_closed": 0, "num_tot": 0}}, {"model": "publishers.publisher", "pk": 1, "fields": {"romeo_id": "2765", "name": "Springer Verlag (Germany)", "alias": "LNCS", "url": "http://www.springerlink.com/?MUD=MP", "preprint": "can", "postprint": "can", "pdfversion": "cannot", "oa_status": "OK", "stats": 7}}, {"model": "publishers.publisher", "pk": 2, "fields": {"romeo_id": "21", "name": "Association for Computing Machinery", "alias": "ACM", "url": "http://www.acm.org/", "preprint": "can", "postprint": "can", "pdfversion": "cannot", "oa_status": "OK", "stats": 12}}, {"model": "publishers.publisher", "pk": 3, "fields": {"romeo_id": "38", "name": "Institute of Electrical and Electronics Engineers", "alias": "IEEE", "url": "http://www.ieee.org/index.html", "preprint": "can", "postprint": "can", "pdfversion": "cannot", "oa_status": "OK", "stats": 13}}, {"model": "publishers.publisher", "pk": 4, "fields": {"romeo_id": "DOAJ", "name": "Open Publishing Association", "alias": null, "url": "http://eptcs.org/", "preprint": "unknown", "postprint": "unknown", "pdfversion": "unknown", "oa_status": "OA", "stats": 14}}, {"model": "publishers.publisher", "pk": 5, "fields": {"romeo_id": "92", "name": "NRC Research Press", "alias": "Canadian Science Publishing", "url": "http://www.nrcresearchpress.com/", "preprint": "can", "postprint": "can", "pdfversion": "cannot", "oa_status": "OK", "stats": null}}, {"model": "publishers.publisher", "pk": 6, "fields": {"romeo_id": "9", "name": "American Meteorological Society", "alias": null, "url": "http://www.ametsoc.org/", "preprint": "can", "postprint": "can", "pdfversion": "restricted", "oa_status": "OK", "stats": null}}, {"model": "publishers.publisher", "pk": 7, "fields": {"romeo_id": "1313", "name": "Indian Academy of Sciences", "alias": null, "url": "http://www.ias.ac.in/", "preprint": "can", "postprint": "cannot", "pdfversion": "can", "oa_status": "OA", "stats": null}}, {"model": "publishers.journal", "pk": 1, "fields": {"title": "Lecture Notes in Computer Science", "last_updated": "2016-07-23T12:00:40.901Z", "issn": "0302-9743", "publisher": 1, "stats": 8}}, {"model": "publishers.journal", "pk": 2, "fields": {"title": "ACM Transactions on Computational Logic", "last_updated": "2016-07-23T13:28:16.954Z", "issn": "1529-3785", "publisher": 2, "stats": 15}}, {"model": "publishers.journal", "pk": 3, "fields": {"title": "Electronic Proceedings in Theoretical Computer Science", "last_updated": "2016-07-23T13:28:17.044Z", "issn": "2075-2180", "publisher": 4, "stats": 16}}, {"model": "publishers.journal", "pk": 4, "fields": {"title": "Canadian Journal of Fisheries and Aquatic Sciences", "last_updated": "2016-08-31T07:51:05.617Z", "issn": "0706-652X", "publisher": 5, "stats": null}}, {"model": "publishers.journal", "pk": 5, "fields": {"title": "Journal of the Atmospheric Sciences", "last_updated": "2016-09-01T07:49:57.811Z", "issn": "0022-4928", "publisher": 6, "stats": null}}, {"model": "publishers.journal", "pk": 6, "fields": {"title": "Journal of Astrophysics and Astronomy", "last_updated": "2016-09-01T14:02:18.028Z", "issn": "0250-6335", "publisher": 7, "stats": null}}, {"model": "publishers.publishercondition", "pk": 1, "fields": {"publisher": 1, "text": "Author's pre-print on pre-print servers such as arXiv.org, CoRR and HAL"}}, {"model": "publishers.publishercondition", "pk": 2, "fields": {"publisher": 1, "text": "Author's post-print on author's personal website, institutional repository, funder's designated repository"}}, {"model": "publishers.publishercondition", "pk": 3, "fields": {"publisher": 1, "text": "Publisher's version/PDF cannot be used"}}, {"model": "publishers.publishercondition", "pk": 4, "fields": {"publisher": 1, "text": "Published source must be acknowledged"}}, {"model": "publishers.publishercondition", "pk": 5, "fields": {"publisher": 1, "text": "Must link to publisher version with DOI"}}, {"model": "publishers.publishercondition", "pk": 6, "fields": {"publisher": 1, "text": "Set phrase to accompany link to published version (see policy)"}}, {"model": "publishers.publishercondition", "pk": 7, "fields": {"publisher": 2, "text": "Author's pre-print on non-peer review servers prior to submission to journal"}}, {"model": "publishers.publishercondition", "pk": 8, "fields": {"publisher": 2, "text": "Author's pre-prints can be deposited on public repositories as long as accompanied by ACM copyright notice upon transfer of copyright"}}, {"model": "publishers.publishercondition", "pk": 9, "fields": {"publisher": 2, "text": "Author's Post-print on author's personal website, institutional repository, open access repository, employer's website or funder's mandated repository only"}}, {"model": "publishers.publishercondition", "pk": 10, "fields": {"publisher": 2, "text": "Non commercial use"}}, {"model": "publishers.publishercondition", "pk": 11, "fields": {"publisher": 2, "text": "Publisher's version/PDF cannot be used"}}, {"model": "publishers.publishercondition", "pk": 12, "fields": {"publisher": 2, "text": "Publisher copyright and source must be acknowledged"}}, {"model": "publishers.publishercondition", "pk": 13, "fields": {"publisher": 2, "text": "Must link to publisher version with statement that this is the definitive version and DOI"}}, {"model": "publishers.publishercondition", "pk": 14, "fields": {"publisher": 2, "text": "Must state that version on repository is the authors version"}}, {"model": "publishers.publishercondition", "pk": 15, "fields": {"publisher": 2, "text": "Set statement \"&#169; ACM, YYYY. This is the author's version of the work. It is posted here by permission of ACM for your personal use. Not for redistribution. The definitive version was published in PUBLICATION, {VOL#, ISS#, (DATE)} http://doi.acm.org/10.1145/nnnnnn.nnnnnn\""}}, {"model": "publishers.publishercondition", "pk": 16, "fields": {"publisher": 3, "text": "Author's pre-print on Author's personal website, employers website or publicly accessible server"}}, {"model": "publishers.publishercondition", "pk": 17, "fields": {"publisher": 3, "text": "Author's post-print on Author's server or Institutional server"}}, {"model": "publishers.publishercondition", "pk": 18, "fields": {"publisher": 3, "text": "Author's pre-print must be removed upon publication of final version and replaced with either full citation to IEEE work with a Digital Object Identifier or link to article abstract in IEEE Xplore or replaced with Authors post-print"}}, {"model": "publishers.publishercondition", "pk": 19, "fields": {"publisher": 3, "text": "Author's pre-print must be accompanied with set-phrase, once submitted to IEEE for publication (\"This work has been submitted to the IEEE for possible publication. Copyright may be transferred without notice, after which this version may no longer be accessible\")"}}, {"model": "publishers.publishercondition", "pk": 20, "fields": {"publisher": 3, "text": "Author's pre-print must be accompanied with set-phrase, when accepted by IEEE for publication (\"(c) 20xx IEEE. Personal use of this material is permitted. Permission from IEEE must be obtained for all other users, including reprinting/ republishing this material for advertising or promotional purposes, creating new collective works for resale or redistribution to servers or lists, or reuse of any copyrighted components of this work in other works.\")"}}, {"model": "publishers.publishercondition", "pk": 21, "fields": {"publisher": 3, "text": "IEEE must be informed as to the electronic address of the pre-print"}}, {"model": "publishers.publishercondition", "pk": 22, "fields": {"publisher": 3, "text": "If funding rules apply authors may post Author's post-print version in funder's designated repository"}}, {"model": "publishers.publishercondition", "pk": 23, "fields": {"publisher": 3, "text": "Author's Post-print - Publisher copyright and source must be acknowledged with citation (see above set statement)"}}, {"model": "publishers.publishercondition", "pk": 24, "fields": {"publisher": 3, "text": "Author's Post-print - Must link to publisher version with DOI"}}, {"model": "publishers.publishercondition", "pk": 25, "fields": {"publisher": 3, "text": "Publisher's version/PDF cannot be used"}}, {"model": "publishers.publishercondition", "pk": 26, "fields": {"publisher": 3, "text": "Publisher copyright and source must be acknowledged"}}, {"model": "publishers.publishercondition", "pk": 27, "fields": {"publisher": 4, "text": "This publisher's policies have not been checked by RoMEO."}}, {"model": "publishers.publishercondition", "pk": 28, "fields": {"publisher": 4, "text": "DOAJ says it is an open access journal, but this may only mean that it is freely available to read."}}, {"model": "publishers.publishercondition", "pk": 29, "fields": {"publisher": 4, "text": "Most open access publishers also permit self-archiving and re-use, but some do not."}}, {"model": "publishers.publishercondition", "pk": 30, "fields": {"publisher": 4, "text": "Do not assume that self-archiving is allowed, unless it is published under a <a href=\"http://creativecommons.org/\" target=\"_blank\">Creative Commons</a> license."}}, {"model": "publishers.publishercondition", "pk": 31, "fields": {"publisher": 4, "text": "Please contact the publisher for further information if necessary"}}, {"model": "publishers.publishercondition", "pk": 32, "fields": {"publisher": 4, "text": "Email <a href=\"mailto:romeo@jisc.ac.uk\">romeo@jisc.ac.uk</a> if you wish to suggest adding this publisher properly to RoMEO."}}, {"model": "publishers.publishercondition", "pk": 33, "fields": {"publisher": 5, "text": "On author's personal website or an institutional repository, or their funding body's designated repository"}}, {"model": "publishers.publishercondition", "pk": 34, "fields": {"publisher": 5, "text": "Publisher copyright and source must be acknowledged (must include NRC Research Press' copyright notice)"}}, {"model": "publishers.publishercondition", "pk": 35, "fields": {"publisher": 5, "text": "Author's archived version must not be amended once its accepted for publication"}}, {"model": "publishers.publishercondition", "pk": 36, "fields": {"publisher": 5, "text": "Eligible UK authors may deposit in <a href=\"http://opendepot.org/\" target=\"_blank\">OpenDepot</a>"}}, {"model": "publishers.publishercondition", "pk": 37, "fields": {"publisher": 5, "text": "Publisher's version/PDF cannot be used"}}, {"model": "publishers.publishercondition", "pk": 38, "fields": {"publisher": 5, "text": "Must link to publisher version"}}, {"model": "publishers.publishercondition", "pk": 39, "fields": {"publisher": 6, "text": "On author's personal website or e-prints server"}}, {"model": "publishers.publishercondition", "pk": 40, "fields": {"publisher": 6, "text": "Author's Post-print (accepted version) must be removed no later than <num>1</num> <period units=\"month\">months</period> after publication and replaced with abstract of article, along with full citation"}}, {"model": "publishers.publishercondition", "pk": 41, "fields": {"publisher": 6, "text": "Publisher's version/PDF may be used (not EOR version) on Institutional Repository only"}}, {"model": "publishers.publishercondition", "pk": 42, "fields": {"publisher": 6, "text": "Publisher's version/PDF may be used on an Institutional Repository after <num>6</num> <period units=\"month\">months</period> embargo"}}, {"model": "publishers.publishercondition", "pk": 43, "fields": {"publisher": 6, "text": "Institutional affiliation must be listed in article"}}, {"model": "publishers.publishercondition", "pk": 44, "fields": {"publisher": 6, "text": "Publisher copyright must be acknowledged with set statement (see policy)"}}, {"model": "publishers.publishercondition", "pk": 45, "fields": {"publisher": 6, "text": "Set statement to accompany each version deposited, e.g. for pre-print, authors post-print etc"}}, {"model": "publishers.publishercondition", "pk": 46, "fields": {"publisher": 6, "text": "Must link to publisher version"}}, {"model": "publishers.publishercondition", "pk": 47, "fields": {"publisher": 7, "text": "Publisher's version/PDF must be used"}}, {"model": "publishers.publishercondition", "pk": 48, "fields": {"publisher": 7, "text": "On author's personal website and/or institutional repository"}}, {"model": "publishers.publishercondition", "pk": 49, "fields": {"publisher": 7, "text": "All titles are open access journals"}}, {"model": "publishers.publishercopyrightlink", "pk": 1, "fields": {"publisher": 2, "text": "Policy", "url": "http://www.acm.org/publications/policies/copyright_policy"}}, {"model": "publishers.publishercopyrightlink", "pk": 2, "fields": {"publisher": 3, "text": "Electronic information dissemination policy", "url": "http://www.ieee.org/publications_standards/publications/rights/rights_policies.html"}}, {"model": "publishers.publishercopyrightlink", "pk": 3, "fields": {"publisher": 3, "text": "copyright form", "url": "http://www.ieee.org/documents/ieeecopyrightform.pdf"}}, {"model": "publishers.publishercopyrightlink", "pk": 4, "fields": {"publisher": 3, "text": "Copyright Policy", "url": "http://www.ieee.org/publications_standards/publications/rights/copyrightpolicy.html"}}, {"model": "publishers.publishercopyrightlink", "pk": 5, "fields": {"publisher": 4, "text": "See the publisher/journal website", "url": "http://eptcs.org/"}}, {"model": "publishers.publishercopyrightlink", "pk": 6, "fields": {"publisher": 5, "text": "Policy", "url": "http://www.nrcresearchpress.com/page/authors/information/rights"}}, {"model": "publishers.publishercopyrightlink", "pk": 7, "fields": {"publisher": 6, "text": "Policy", "url": "http://www2.ametsoc.org/ams/index.cfm/publications/authors/journal-and-bams-authors/author-resources/copyright-information/copyright-policy/"}}, {"model": "publishers.publishercopyrightlink", "pk": 8, "fields": {"publisher": 7, "text": "Example PACT Form", "url": "http://www.ias.ac.in/resonance/Guide_PACT.pdf"}}, {"model": "publishers.aliaspublisher", "pk": 1, "fields": {"publisher": 3, "name": "Institute of Electrical & Electronics Engineers (IEEE)", "count": 2}}, {"model": "publishers.aliaspublisher", "pk": 2, "fields": {"publisher": 4, "name": "Open Publishing Association", "count": 1}}, {"model": "publishers.aliaspublisher", "pk": 3, "fields": {"publisher": 2, "name": "Association for Computing Machinery (ACM)", "count": 2}}, {"model": "publishers.aliaspublisher", "pk": 4, "fields": {"publisher": 1, "name": "Springer Science + Business Media", "count": 8}}, {"model": "publishers.aliaspublisher", "pk": 5, "fields": {"publisher": 5, "name": "Canadian Science Publishing", "count": 1}}, {"model": "publishers.aliaspublisher", "pk": 6, "fields": {"publisher": 6, "name": "American Meteorological Society", "count": 3}}, {"model": "publishers.aliaspublisher", "pk": 7, "fields": {"publisher": 7, "name": "Springer Science + Business Media", "count": 1}}, {"model": "papers.institution", "pk": 1, "fields": {"name": "ENS", "stats": 9}}, {"model": "papers.department", "pk": 1, "fields": {"name": "Chemistry dept", "institution": 1, "stats": 10}}, {"model": "papers.department", "pk": 2, "fields": {"name": "Comp sci dept", "institution": 1, "stats": 11}}, {"model": "papers.namevariant", "pk": 1, "fields": {"name": 1, "researcher": 1, "confidence": 0.8}}, {"model": "papers.namevariant", "pk": 2, "fields": {"name": 2, "researcher": 2, "confidence": 0.8}}, {"model": "papers.namevariant", "pk": 3, "fields": {"name": 3, "researcher": 3, "confidence": 0.8}}, {"model": "papers.namevariant", "pk": 4, "fields": {"name": 4, "researcher": 4, "confidence": 0.8}}, {"model": "papers.namevariant", "pk": 5, "fields": {"name": 5, "researcher": 5, "confidence": 0.8}}, {"model": "papers.researcher", "pk": 1, "fields": {"name": 1, "user": null, "department": 1, "email": null, "homepage": null, "role": null, "orcid": "0000-0002-7977-4441", "empty_orcid_profile": false, "last_harvest": "2016-07-23T12:48:10.987Z", "harvester": null, "current_task": null, "stats": 2}}, {"model": "papers.researcher", "pk": 2, "fields": {"name": 2, "user": null, "department": null, "email": null, "homepage": "http://antonin.delpeuch.eu/", "role": null, "orcid": "0000-0002-8612-8827", "empty_orcid_profile": false, "last_harvest": "2016-07-23T12:48:05.076Z", "harvester": null, "current_task": null, "stats": 3}}, {"model": "papers.researcher", "pk": 3, "fields": {"name": 3, "user": null, "department": 1, "email": null, "homepage": null, "role": null, "orcid": null, "empty_orcid_profile": null, "last_harvest": "2016-07-23T12:48:05.219Z", "harvester": null, "current_task": null, "stats": 4}}, {"model": "papers.researcher", "pk": 4, "fields": {"name": 4, "user": null, "department": 1, "email": null, "homepage": null, "role": null, "orcid": null, "empty_orcid_profile": null, "last_harvest": "2016-07-23T12:48:05.404Z", "harvester": null, "current_task": null, "stats": 5}}, {"model": "papers.researcher", "pk": 5, "fields": {"name": 5, "user": null, "department": null, "email": null, "homepage": null, "role": null, "orcid": null, "empty_orcid_profile": null, "last_harvest": "2016-07-23T12:48:05.584Z", "harvester": null, "current_task": null, "stats": 6}}, {"model": "papers.name", "pk": 1, "fields": {"first": "Antoine", "last": "Amarilli", "full": "antoine amarilli", "best_confidence": 0.8}}, {"model": "papers.name", "pk": 2, "fields": {"first": "Antonin", "last": "Delpeuch", "full": "antonin delpeuch", "best_confidence": 0.8}}, {"model": "papers.name", "pk": 3, "fields": {"first": "Ludovic", "last": "Jullien", "full": "ludovic jullien", "best_confidence": 0.8}}, {"model": "papers.name", "pk": 4, "fields": {"first": "Isabelle", "last": "Aujard", "full": "isabelle aujard", "best_confidence": 0.8}}, {"model": "papers.name", "pk": 5, "fields": {"first": "Terence", "last": "Tao", "full": "terence tao", "best_confidence": 0.8}}, {"model": "papers.name", "pk": 6, "fields": {"first": "Anne", "last": "Preller", "full": "anne preller", "best_confidence": 0.0}}, {"model": "papers.paper", "pk": 1, "fields": {"title": "From Natural Language to RDF Graphs with Pregroups", "fingerprint": "cd22776e1456fad0589c67d1ff89ca4d", "date_last_ask": null, "pubdate": "2014-01-01", "authors_list": [{"orcid": "0000-0002-8612-8827", "affiliation": null, "name": {"full": "antonin delpeuch", "last": "Delpeuch", "first": "Antonin"}, "researcher_id": 2}, {"orcid": null, "affiliation": null, "name": {"full": "anne preller", "last": "Preller", "first": "Anne"}, "researcher_id": null}], "identifiers": "[\"cd22776e1456fad0589c67d1ff89ca4d\"]", "records_list": [{"priority": 1, "journal_title": null, "doi": null, "container": null, "description": null, "pubdate": null, "splash_url": "http://sandbox.orcid.org/0000-0002-8612-8827", "publisher_id": null, "publisher_name": null, "pdf_url": null, "journal_id": null, "volume": null, "source_id": 12, "pubtype": "proceedings-article", "contributors": null, "keywords": null, "identifier": "16667185", "issue": null, "pages": null}], "last_modified": "2016-09-08T08:12:31.194Z", "visible": true, "last_annotation": null, "doctype": "proceedings-article", "oa_status": "UNK", "pdf_url": null, "task": null, "researchers": [2]}}, {"model": "papers.paper", "pk": 2, "fields": {"title": "Complexity of Grammar Induction for Quantum Types", "fingerprint": "6f6639a30a6130fb8e22d48344d70e17", "date_last_ask": null, "pubdate": "2014-12-28", "authors_list": [{"orcid": "0000-0002-8612-8827", "affiliation": "\u00c9cole Normale Sup\u00e9rieure, Paris", "name": {"full": "antonin delpeuch", "last": "Delpeuch", "first": "Antonin"}, "researcher_id": 2}], "identifiers": "[\"6f6639a30a6130fb8e22d48344d70e17\"]", "records_list": [{"priority": 1, "journal_title": null, "doi": null, "container": null, "description": null, "pubdate": null, "splash_url": "http://sandbox.orcid.org/0000-0002-8612-8827", "publisher_id": null, "publisher_name": null, "pdf_url": null, "journal_id": null, "volume": null, "source_id": 12, "pubtype": "journal-article", "contributors": null, "keywords": null, "identifier": "orcid:0000-0002-8612-8827:10.4204/eptcs.172.16", "issue": null, "pages": null}, {"priority": 20, "journal_title": "Electron. Proc. Theor. Comput. Sci.", "doi": "10.4204/eptcs.172.16", "container": null, "description": null, "pubdate": null, "splash_url": "https://doi.org/10.4204/eptcs.172.16", "publisher_id": 4, "publisher_name": "Open Publishing Association", "pdf_url": "http://dx.doi.org/10.4204/eptcs.172.16", "journal_id": 3, "volume": "172", "source_id": 11, "pubtype": "journal-article", "contributors": null, "keywords": null, "identifier": "oai:crossref.org:10.4204/eptcs.172.16", "issue": null, "pages": "236-248"}], "last_modified": "2016-09-08T08:12:31.312Z", "visible": true, "last_annotation": null, "doctype": "journal-article", "oa_status": "OA", "pdf_url": "http://dx.doi.org/10.4204/eptcs.172.16", "task": null, "researchers": [2]}}, {"model": "papers.paper", "pk": 3, "fields": {"title": "Finite Open-World Query Answering with Number Restrictions", "fingerprint": "a42a3ef7eb61176458fef57f3aca00da", "date_last_ask": null, "pubdate": "2015-07-01", "authors_list": [{"orcid": "0000-0002-7977-4441", "affiliation": null, "name": {"full": "antoine amarilli", "last": "Amarilli", "first": "Antoine"}, "researcher_id": 1}, {"orcid": null, "affiliation": null, "name": {"full": "michael benedikt", "last": "Benedikt", "first": "Michael"}, "researcher_id": null}], "identifiers": "[\"a42a3ef7eb61176458fef57f3aca00da\"]", "records_list": [{"priority": 1, "journal_title": null, "doi": null, "container": null, "description": null, "pubdate": null, "splash_url": "http://sandbox.orcid.org/0000-0002-7977-4441", "publisher_id": null, "publisher_name": null, "pdf_url": null, "journal_id": null, "volume": null, "source_id": 12, "pubtype": "proceedings-article", "contributors": null, "keywords": null, "identifier": "orcid:0000-0002-7977-4441:10.1109/lics.2015.37", "issue": null, "pages": null}, {"priority": 20, "journal_title": "2015 30th Annual ACM/IEEE Symposium on Logic in Computer Science", "doi": "10.1109/lics.2015.37", "container": null, "description": null, "pubdate": null, "splash_url": "https://doi.org/10.1109/lics.2015.37", "publisher_id": 3, "publisher_name": "Institute of Electrical & Electronics Engineers (IEEE)", "pdf_url": null, "journal_id": null, "volume": null, "source_id": 11, "pubtype": "proceedings-article", "contributors": null, "keywords": null, "identifier": "oai:crossref.org:10.1109/lics.2015.37", "issue": null, "pages": null}], "last_modified": "2016-09-08T08:12:31.459Z", "visible": true, "last_annotation": null, "doctype": "proceedings-article", "oa_status": "OK", "pdf_url": null, "task": null, "researchers": [1]}}, {"model": "papers.paper", "pk": 4, "fields": {"title": "Structurally Tractable Uncertain Data", "fingerprint": "8cc4a006d0507c3ca971c351d6b19dd2", "date_last_ask": null, "pubdate": "2015-01-01", "authors_list": [{"orcid": "0000-0002-7977-4441", "affiliation": null, "name": {"full": "antoine amarilli", "last": "Amarilli", "first": "Antoine"}, "researcher_id": 1}], "identifiers": "[\"8cc4a006d0507c3ca971c351d6b19dd2\"]", "records_list": [{"priority": 20, "journal_title": "Proceedings of the 2015 ACM SIGMOD on PhD Symposium - SIGMOD '15 PhD Symposium", "doi": "10.1145/2744680.2744690", "container": null, "description": null, "pubdate": null, "splash_url": "https://doi.org/10.1145/2744680.2744690", "publisher_id": 2, "publisher_name": "Association for Computing Machinery (ACM)", "pdf_url": null, "journal_id": null, "volume": null, "source_id": 11, "pubtype": "proceedings-article", "contributors": null, "keywords": null, "identifier": "oai:crossref.org:10.1145/2744680.2744690", "issue": null, "pages": null}, {"priority": 1, "journal_title": null, "doi": null, "container": null, "description": null, "pubdate": null, "splash_url": "http://sandbox.orcid.org/0000-0002-7977-4441", "publisher_id": null, "publisher_name": null, "pdf_url": null, "journal_id": null, "volume": null, "source_id": 12, "pubtype": "proceedings-article", "contributors": null, "keywords": null, "identifier": "orcid:0000-0002-7977-4441:10.1145/2744680.2744690", "issue": null, "pages": null}], "last_modified": "2016-09-08T08:12:31.477Z", "visible": true, "last_annotation": null, "doctype": "proceedings-article", "oa_status": "OK", "pdf_url": null, "task": null, "researchers": [1]}}, {"model": "papers.paper", "pk": 5, "fields": {"title": "Provenance Circuits for Trees and Treelike Instances", "fingerprint": "48b592ae13109eeb1568d0b158265f6e", "date_last_ask": null, "pubdate": "2015-01-01", "authors_list": [{"orcid": "0000-0002-7977-4441", "affiliation": null, "name": {"full": "antoine amarilli", "last": "Amarilli", "first": "Antoine"}, "researcher_id": 1}, {"orcid": null, "affiliation": null, "name": {"full": "pierre bourhis", "last": "Bourhis", "first": "Pierre"}, "researcher_id": null}, {"orcid": null, "affiliation": null, "name": {"full": "pierre senellart", "last": "Senellart", "first": "Pierre"}, "researcher_id": null}], "identifiers": "[\"48b592ae13109eeb1568d0b158265f6e\"]", "records_list": [{"priority": 1, "journal_title": null, "doi": null, "container": null, "description": null, "pubdate": null, "splash_url": "http://sandbox.orcid.org/0000-0002-7977-4441", "publisher_id": null, "publisher_name": null, "pdf_url": null, "journal_id": null, "volume": null, "source_id": 12, "pubtype": "book-chapter", "contributors": null, "keywords": null, "identifier": "orcid:0000-0002-7977-4441:10.1007/978-3-662-47666-6_5", "issue": null, "pages": null}, {"priority": 20, "journal_title": "Automata, Languages, and Programming", "doi": "10.1007/978-3-662-47666-6_5", "container": null, "description": null, "pubdate": null, "splash_url": "https://doi.org/10.1007/978-3-662-47666-6_5", "publisher_id": 1, "publisher_name": "Springer Science + Business Media", "pdf_url": null, "journal_id": 1, "volume": null, "source_id": 11, "pubtype": "book-chapter", "contributors": null, "keywords": null, "identifier": "oai:crossref.org:10.1007/978-3-662-47666-6_5", "issue": null, "pages": "56-68"}], "last_modified": "2016-09-08T08:12:31.721Z", "visible": true, "last_annotation": null, "doctype": "book-chapter", "oa_status": "OK", "pdf_url": null, "task": null, "researchers": [1]}}, {"model": "papers.paper", "pk": 6, "fields": {"title": "Uncertainty in Crowd Data Sourcing Under Structural Constraints", "fingerprint": "038278ec0990a1ccc3928cd61b90dcc8", "date_last_ask": null, "pubdate": "2014-01-01", "authors_list": [{"orcid": "0000-0002-7977-4441", "affiliation": null, "name": {"full": "antoine amarilli", "last": "Amarilli", "first": "Antoine"}, "researcher_id": 1}, {"orcid": null, "affiliation": null, "name": {"full": "yael amsterdamer", "last": "Amsterdamer", "first": "Yael"}, "researcher_id": null}, {"orcid": null, "affiliation": null, "name": {"full": "tova milo", "last": "Milo", "first": "Tova"}, "researcher_id": null}], "identifiers": "[\"038278ec0990a1ccc3928cd61b90dcc8\"]", "records_list": [{"priority": 1, "journal_title": null, "doi": null, "container": null, "description": null, "pubdate": null, "splash_url": "http://sandbox.orcid.org/0000-0002-7977-4441", "publisher_id": null, "publisher_name": null, "pdf_url": null, "journal_id": null, "volume": null, "source_id": 12, "pubtype": "book-chapter", "contributors": null, "keywords": null, "identifier": "orcid:0000-0002-7977-4441:10.1007/978-3-662-43984-5_27", "issue": null, "pages": null}, {"priority": 20, "journal_title": "Database Systems for Advanced Applications", "doi": "10.1007/978-3-662-43984-5_27", "container": null, "description": null, "pubdate": null, "splash_url": "https://doi.org/10.1007/978-3-662-43984-5_27", "publisher_id": 1, "publisher_name": "Springer Science + Business Media", "pdf_url": null, "journal_id": 1, "volume": null, "source_id": 11, "pubtype": "book-chapter", "contributors": null, "keywords": null, "identifier": "oai:crossref.org:10.1007/978-3-662-43984-5_27", "issue": null, "pages": "351-359"}], "last_modified": "2016-09-08T08:12:31.759Z", "visible": true, "last_annotation": null, "doctype": "book-chapter", "oa_status": "OK", "pdf_url": null, "task": null, "researchers": [1]}}, {"model": "papers.paper", "pk": 7, "fields": {"title": "Recent Topics of Research around the YAGO Knowledge Base", "fingerprint": "f018f8aa87b090095d804b4df12e5e2e", "date_last_ask": null, "pubdate": "2014-01-01", "authors_list": [{"orcid": "0000-0002-7977-4441", "affiliation": null, "name": {"full": "antoine amarilli", "last": "Amarilli", "first": "Antoine"}, "researcher_id": 1}, {"orcid": null, "affiliation": null, "name": {"full": "luis galarraga", "last": "Gal\u00e1rraga", "first": "Luis"}, "researcher_id": null}, {"orcid": null, "affiliation": null, "name": {"full": "nicoleta preda", "last": "Preda", "first": "Nicoleta"}, "researcher_id": null}, {"orcid": null, "affiliation": null, "name": {"full": "fabian m. suchanek", "last": "Suchanek", "first": "Fabian M."}, "researcher_id": null}], "identifiers": "[\"f018f8aa87b090095d804b4df12e5e2e\"]", "records_list": [{"priority": 20, "journal_title": "Web Technologies and Applications", "doi": "10.1007/978-3-319-11116-2_1", "container": null, "description": null, "pubdate": null, "splash_url": "https://doi.org/10.1007/978-3-319-11116-2_1", "publisher_id": 1, "publisher_name": "Springer Science + Business Media", "pdf_url": null, "journal_id": 1, "volume": null, "source_id": 11, "pubtype": "book-chapter", "contributors": null, "keywords": null, "identifier": "oai:crossref.org:10.1007/978-3-319-11116-2_1", "issue": null, "pages": "1-12"}, {"priority": 1, "journal_title": null, "doi": null, "container": null, "description": null, "pubdate": null, "splash_url": "http://sandbox.orcid.org/0000-0002-7977-4441", "publisher_id": null, "publisher_name": null, "pdf_url": null, "journal_id": null, "volume": null, "source_id": 12, "pubtype": "book-chapter", "contributors": null, "keywords": null, "identifier": "orcid:0000-0002-7977-4441:10.1007/978-3-319-11116-2_1", "issue": null, "pages": null}], "last_modified": "2016-09-08T08:12:31.792Z", "visible": true, "last_annotation": null, "doctype": "book-chapter", "oa_status": "OK", "pdf_url": null, "task": null, "researchers": [1]}}, {"model": "papers.paper", "pk": 8, "fields": {"title": "Get a Sample for a Discount", "fingerprint": "0fcfa6d6cebb137cb06a024f634d567a", "date_last_ask": null, "pubdate": "2014-01-01", "authors_list": [{"orcid": null, "affiliation": null, "name": {"full": "ruiming tang", "last": "Tang", "first": "Ruiming"}, "researcher_id": null}, {"orcid": "0000-0002-7977-4441", "affiliation": null, "name": {"full": "antoine amarilli", "last": "Amarilli", "first": "Antoine"}, "researcher_id": 1}, {"orcid": null, "affiliation": null, "name": {"full": "pierre senellart", "last": "Senellart", "first": "Pierre"}, "researcher_id": null}, {"orcid": null, "affiliation": null, "name": {"full": "stephane bressan", "last": "Bressan", "first": "St\u00e9phane"}, "researcher_id": null}], "identifiers": "[\"0fcfa6d6cebb137cb06a024f634d567a\"]", "records_list": [{"priority": 20, "journal_title": "Lecture Notes in Computer Science", "doi": "10.1007/978-3-319-10073-9_3", "container": null, "description": null, "pubdate": null, "splash_url": "https://doi.org/10.1007/978-3-319-10073-9_3", "publisher_id": 1, "publisher_name": "Springer Science + Business Media", "pdf_url": null, "journal_id": 1, "volume": null, "source_id": 11, "pubtype": "book-chapter", "contributors": null, "keywords": null, "identifier": "oai:crossref.org:10.1007/978-3-319-10073-9_3", "issue": null, "pages": "20-34"}, {"priority": 1, "journal_title": null, "doi": null, "container": null, "description": null, "pubdate": null, "splash_url": "http://sandbox.orcid.org/0000-0002-7977-4441", "publisher_id": null, "publisher_name": null, "pdf_url": null, "journal_id": null, "volume": null, "source_id": 12, "pubtype": "book-chapter", "contributors": null, "keywords": null, "identifier": "orcid:0000-0002-7977-4441:10.1007/978-3-319-10073-9_3", "issue": null, "pages": null}], "last_modified": "2016-09-08T08:12:31.829Z", "visible": true, "last_annotation": null, "doctype": "book-chapter", "oa_status": "OK", "pdf_url": null, "task": null, "researchers": [1]}}, {"model": "papers.paper", "pk": 9, "fields": {"title": "On the Connections between Relational\u00a0and\u00a0XML Probabilistic Data Models", "fingerprint": "b53e209057b744561a7912a9b62d76d5", "date_last_ask": null, "pubdate": "2013-01-01", "authors_list": [{"orcid": "0000-0002-7977-4441", "affiliation": null, "name": {"full": "antoine amarilli", "last": "Amarilli", "first": "Antoine"}, "researcher_id": 1}, {"orcid": null, "affiliation": null, "name": {"full": "pierre senellart", "last": "Senellart", "first": "Pierre"}, "researcher_id": null}], "identifiers": "[\"b53e209057b744561a7912a9b62d76d5\"]", "records_list": [{"priority": 1, "journal_title": null, "doi": null, "container": null, "description": null, "pubdate": null, "splash_url": "http://sandbox.orcid.org/0000-0002-7977-4441", "publisher_id": null, "publisher_name": null, "pdf_url": null, "journal_id": null, "volume": null, "source_id": 12, "pubtype": "book-chapter", "contributors": null, "keywords": null, "identifier": "orcid:0000-0002-7977-4441:10.1007/978-3-642-39467-6_13", "issue": null, "pages": null}, {"priority": 20, "journal_title": "Big Data", "doi": "10.1007/978-3-642-39467-6_13", "container": null, "description": null, "pubdate": null, "splash_url": "https://doi.org/10.1007/978-3-642-39467-6_13", "publisher_id": 1, "publisher_name": "Springer Science + Business Media", "pdf_url": null, "journal_id": 1, "volume": null, "source_id": 11, "pubtype": "book-chapter", "contributors": null, "keywords": null, "identifier": "oai:crossref.org:10.1007/978-3-642-39467-6_13", "issue": null, "pages": "121-134"}], "last_modified": "2016-09-08T08:12:31.848Z", "visible": true, "last_annotation": null, "doctype": "book-chapter", "oa_status": "OK", "pdf_url": null, "task": null, "researchers": [1]}}, {"model": "papers.paper", "pk": 10, "fields": {"title": "From Rational Number Reconstruction to Set Reconciliation and File Synchronization", "fingerprint": "2ec7548775c8aeca3f70a80585ff6ad2", "date_last_ask": null, "pubdate": "2013-01-01", "authors_list": [{"orcid": "0000-0002-7977-4441", "affiliation": null, "name": {"full": "antoine amarilli", "last": "Amarilli", "first": "Antoine"}, "researcher_id": 1}, {"orcid": null, "affiliation": null, "name": {"full": "fabrice ben hamouda", "last": "Ben Hamouda", "first": "Fabrice"}, "researcher_id": null}, {"orcid": null, "affiliation": null, "name": {"full": "florian bourse", "last": "Bourse", "first": "Florian"}, "researcher_id": null}, {"orcid": null, "affiliation": null, "name": {"full": "robin morisset", "last": "Morisset", "first": "Robin"}, "researcher_id": null}, {"orcid": null, "affiliation": null, "name": {"full": "david naccache", "last": "Naccache", "first": "David"}, "researcher_id": null}, {"orcid": null, "affiliation": null, "name": {"full": "pablo rauzy", "last": "Rauzy", "first": "Pablo"}, "researcher_id": null}], "identifiers": "[\"2ec7548775c8aeca3f70a80585ff6ad2\"]", "records_list": [{"priority": 20, "journal_title": "Trustworthy Global Computing", "doi": "10.1007/978-3-642-41157-1_1", "container": null, "description": null, "pubdate": null, "splash_url": "https://doi.org/10.1007/978-3-642-41157-1_1", "publisher_id": 1, "publisher_name": "Springer Science + Business Media", "pdf_url": null, "journal_id": 1, "volume": null, "source_id": 11, "pubtype": "book-chapter", "contributors": null, "keywords": null, "identifier": "oai:crossref.org:10.1007/978-3-642-41157-1_1", "issue": null, "pages": "1-18"}, {"priority": 1, "journal_title": null, "doi": null, "container": null, "description": null, "pubdate": null, "splash_url": "http://sandbox.orcid.org/0000-0002-7977-4441", "publisher_id": null, "publisher_name": null, "pdf_url": null, "journal_id": null, "volume": null, "source_id": 12, "pubtype": "book-chapter", "contributors": null, "keywords": null, "identifier": "orcid:0000-0002-7977-4441:10.1007/978-3-642-41157-1_1", "issue": null, "pages": null}], "last_modified": "2016-09-08T08:12:31.900Z", "visible": true, "last_annotation": null, "doctype": "book-chapter", "oa_status": "OK", "pdf_url": null, "task": null, "researchers": [1]}}, {"model": "papers.paper", "pk": 11, "fields": {"title": "Can Code Polymorphism Limit Information Leakage?", "fingerprint": "835417174a9b45def5608bfcc274b910", "date_last_ask": null, "pubdate": "2011-01-01", "authors_list": [{"orcid": "0000-0002-7977-4441", "affiliation": null, "name": {"full": "antoine amarilli", "last": "Amarilli", "first": "Antoine"}, "researcher_id": 1}, {"orcid": null, "affiliation": null, "name": {"full": "sascha muller", "last": "M\u00fcller", "first": "Sascha"}, "researcher_id": null}, {"orcid": null, "affiliation": null, "name": {"full": "david naccache", "last": "Naccache", "first": "David"}, "researcher_id": null}, {"orcid": null, "affiliation": null, "name": {"full": "daniel page", "last": "Page", "first": "Daniel"}, "researcher_id": null}, {"orcid": null, "affiliation": null, "name": {"full": "pablo rauzy", "last": "Rauzy", "first": "Pablo"}, "researcher_id": null}, {"orcid": null, "affiliation": null, "name": {"full": "michael tunstall", "last": "Tunstall", "first": "Michael"}, "researcher_id": null}], "identifiers": "[\"835417174a9b45def5608bfcc274b910\"]", "records_list": [{"priority": 1, "journal_title": null, "doi": null, "container": null, "description": null, "pubdate": null, "splash_url": "http://sandbox.orcid.org/0000-0002-7977-4441", "publisher_id": null, "publisher_name": null, "pdf_url": null, "journal_id": null, "volume": null, "source_id": 12, "pubtype": "book-chapter", "contributors": null, "keywords": null, "identifier": "orcid:0000-0002-7977-4441:10.1007/978-3-642-21040-2_1", "issue": null, "pages": null}, {"priority": 20, "journal_title": "Information Security Theory and Practice. Security and Privacy of Mobile Devices in Wireless Communication", "doi": "10.1007/978-3-642-21040-2_1", "container": null, "description": null, "pubdate": null, "splash_url": "https://doi.org/10.1007/978-3-642-21040-2_1", "publisher_id": 1, "publisher_name": "Springer Science + Business Media", "pdf_url": null, "journal_id": 1, "volume": null, "source_id": 11, "pubtype": "book-chapter", "contributors": null, "keywords": null, "identifier": "oai:crossref.org:10.1007/978-3-642-21040-2_1", "issue": null, "pages": "1-21"}], "last_modified": "2016-09-08T08:12:31.932Z", "visible": true, "last_annotation": null, "doctype": "book-chapter", "oa_status": "OK", "pdf_url": null, "task": null, "researchers": [1]}}, {"model": "papers.paper", "pk": 12, "fields": {"title": "Can a Program Reverse-Engineer Itself?", "fingerprint": "c6a320f69830d25d191ca496e7e727d8", "date_last_ask": null, "pubdate": "2011-01-01", "authors_list": [{"orcid": "0000-0002-7977-4441", "affiliation": null, "name": {"full": "antoine amarilli", "last": "Amarilli", "first": "Antoine"}, "researcher_id": 1}, {"orcid": null, "affiliation": null, "name": {"full": "david naccache", "last": "Naccache", "first": "David"}, "researcher_id": null}, {"orcid": null, "affiliation": null, "name": {"full": "pablo rauzy", "last": "Rauzy", "first": "Pablo"}, "researcher_id": null}, {"orcid": null, "affiliation": null, "name": {"full": "emil simion", "last": "Simion", "first": "Emil"}, "researcher_id": null}], "identifiers": "[\"c6a320f69830d25d191ca496e7e727d8\"]", "records_list": [{"priority": 1, "journal_title": null, "doi": null, "container": null, "description": null, "pubdate": null, "splash_url": "http://sandbox.orcid.org/0000-0002-7977-4441", "publisher_id": null, "publisher_name": null, "pdf_url": null, "journal_id": null, "volume": null, "source_id": 12, "pubtype": "book-chapter", "contributors": null, "keywords": null, "identifier": "orcid:0000-0002-7977-4441:10.1007/978-3-642-25516-8_1", "issue": null, "pages": null}, {"priority": 20, "journal_title": "Cryptography and Coding", "doi": "10.1007/978-3-642-25516-8_1", "container": null, "description": null, "pubdate": null, "splash_url": "https://doi.org/10.1007/978-3-642-25516-8_1", "publisher_id": 1, "publisher_name": "Springer Science + Business Media", "pdf_url": null, "journal_id": 1, "volume": null, "source_id": 11, "pubtype": "book-chapter", "contributors": null, "keywords": null, "identifier": "oai:crossref.org:10.1007/978-3-642-25516-8_1", "issue": null, "pages": "1-9"}], "last_modified": "2016-09-08T08:12:31.966Z", "visible": true, "last_annotation": null, "doctype": "book-chapter", "oa_status": "OK", "pdf_url": null, "task": null, "researchers": [1]}}, {"model": "papers.paper", "pk": 13, "fields": {"title": "IBEX: Harvesting Entities from the Web Using Unique Identifiers", "fingerprint": "33f911f6ef7e69c44e522807b1f89452", "date_last_ask": null, "pubdate": "2010-01-01", "authors_list": [{"orcid": null, "affiliation": null, "name": {"full": "aliaksandr talaika", "last": "Talaika", "first": "Aliaksandr"}, "researcher_id": null}, {"orcid": null, "affiliation": null, "name": {"full": "joanna biega", "last": "Biega", "first": "Joanna"}, "researcher_id": null}, {"orcid": "0000-0002-7977-4441", "affiliation": null, "name": {"full": "antoine amarilli", "last": "Amarilli", "first": "Antoine"}, "researcher_id": 1}, {"orcid": null, "affiliation": null, "name": {"full": "fabian m. suchanek", "last": "Suchanek", "first": "Fabian M."}, "researcher_id": null}], "identifiers": "[\"33f911f6ef7e69c44e522807b1f89452\"]", "records_list": [{"priority": 1, "journal_title": null, "doi": null, "container": null, "description": null, "pubdate": null, "splash_url": "http://sandbox.orcid.org/0000-0002-7977-4441", "publisher_id": null, "publisher_name": null, "pdf_url": null, "journal_id": null, "volume": null, "source_id": 12, "pubtype": "proceedings-article", "contributors": null, "keywords": null, "identifier": "orcid:0000-0002-7977-4441:10.1145/2767109.2767116", "issue": null, "pages": null}, {"priority": 20, "journal_title": "Proceedings of the 18th International Workshop on Web and Databases - WebDB'15", "doi": "10.1145/2767109.2767116", "container": null, "description": null, "pubdate": null, "splash_url": "https://doi.org/10.1145/2767109.2767116", "publisher_id": 2, "publisher_name": "Association for Computing Machinery (ACM)", "pdf_url": null, "journal_id": null, "volume": null, "source_id": 11, "pubtype": "proceedings-article", "contributors": null, "keywords": null, "identifier": "oai:crossref.org:10.1145/2767109.2767116", "issue": null, "pages": null}], "last_modified": "2016-09-08T08:12:32.009Z", "visible": true, "last_annotation": null, "doctype": "proceedings-article", "oa_status": "OK", "pdf_url": null, "task": null, "researchers": [1]}}, {"model": "papers.paper", "pk": 14, "fields": {"title": "Coherent Structures in the Boundary and Cloud Layers: Role of Updrafts, Subsiding Shells, and Environmental Subsidence", "fingerprint": "dd0727c0ae8b2585d1daa1bd133bd737", "date_last_ask": null, "pubdate": "2016-02-23", "authors_list": [{"orcid": null, "affiliation": null, "name": {"full": "seung-bu park", "last": "Park", "first": "Seung-Bu"}, "researcher_id": null}, {"orcid": null, "affiliation": null, "name": {"full": "pierre gentine", "last": "Gentine", "first": "Pierre"}, "researcher_id": null}, {"orcid": null, "affiliation": null, "name": {"full": "kai schneider", "last": "Schneider", "first": "Kai"}, "researcher_id": null}, {"orcid": null, "affiliation": null, "name": {"full": "marie farge", "last": "Farge", "first": "Marie"}, "researcher_id": null}], "identifiers": "[\"oai:crossref.org:10.1175/jas-d-15-0240.1\", \"dd0727c0ae8b2585d1daa1bd133bd737\", \"10.1175/jas-d-15-0240.1\"]", "records_list": [{"priority": 20, "journal_title": "J. Atmos. Sci.", "doi": "10.1175/jas-d-15-0240.1", "container": null, "description": null, "pubdate": "2016-02-23", "splash_url": "https://doi.org/10.1175/jas-d-15-0240.1", "publisher_id": 6, "publisher_name": "American Meteorological Society", "pdf_url": null, "journal_id": 5, "volume": null, "source_id": 11, "pubtype": "journal-article", "contributors": null, "keywords": null, "identifier": "oai:crossref.org:10.1175/jas-d-15-0240.1", "issue": null, "pages": null}], "last_modified": "2016-09-08T08:12:31.614Z", "visible": true, "last_annotation": null, "doctype": "journal-article", "oa_status": "OK", "pdf_url": null, "task": null, "researchers": []}}, {"model": "papers.paper", "pk": 15, "fields": {"title": "Nature of the background ultraviolet radiation field at high redshifts", "fingerprint": "8cf9500bfe2b92a79a8be7efe7d5cbef", "date_last_ask": null, "pubdate": "2000-06-01", "authors_list": [{"orcid": null, "affiliation": null, "name": {"full": "archana samantaray", "last": "Samantaray", "first": "Archana"}, "researcher_id": null}, {"orcid": null, "affiliation": null, "name": {"full": "pushpa khare", "last": "Khare", "first": "Pushpa"}, "researcher_id": null}], "identifiers": "[\"oai:crossref.org:10.1007/bf02702259\", \"10.1007/bf02702259\", \"8cf9500bfe2b92a79a8be7efe7d5cbef\"]", "records_list": [{"priority": 20, "journal_title": "J Astrophys Astron", "doi": "10.1007/bf02702259", "container": null, "description": null, "pubdate": "2000-06-01", "splash_url": "https://doi.org/10.1007/bf02702259", "publisher_id": 7, "publisher_name": "Springer Science + Business Media", "pdf_url": null, "journal_id": 6, "volume": "21", "source_id": 11, "pubtype": "journal-article", "contributors": null, "keywords": null, "identifier": "oai:crossref.org:10.1007/bf02702259", "issue": "1-2", "pages": "19-27"}], "last_modified": "2016-09-08T08:12:31.506Z", "visible": true, "last_annotation": null, "doctype": "journal-article", "oa_status": "OA", "pdf_url": "http://dx.doi.org/10.1007/bf02702259", "task": null, "researchers": []}}, {"model": "papers.paper", "pk": 16, "fields": {"title": "Optical properties of analogs of Titan's aerosols produced by dusty plasma", "fingerprint": "fdb38ea7a88792751607f750b38facdb", "date_last_ask": null, "pubdate": "2013-01-01", "authors_list": [{"orcid": null, "affiliation": null, "name": {"full": "edith hadamcik", "last": "Hadamcik", "first": "Edith"}, "researcher_id": null}, {"orcid": null, "affiliation": null, "name": {"full": "j.-b. renard", "last": "Renard", "first": "J.-B."}, "researcher_id": null}, {"orcid": null, "affiliation": null, "name": {"full": "ahmed mahjoub", "last": "Mahjoub", "first": "Ahmed"}, "researcher_id": null}, {"orcid": null, "affiliation": null, "name": {"full": "thomas gautier", "last": "Gautier", "first": "Thomas"}, "researcher_id": null}, {"orcid": null, "affiliation": null, "name": {"full": "nathalie carrasco", "last": "Carrasco", "first": "Nathalie"}, "researcher_id": null}, {"orcid": null, "affiliation": null, "name": {"full": "guy cernogora", "last": "Cernogora", "first": "Guy"}, "researcher_id": null}, {"orcid": null, "affiliation": null, "name": {"full": "cyril szopa", "last": "Szopa", "first": "Cyril"}, "researcher_id": null}], "identifiers": "[\"ftartxiker:oai:HAL:hal-00845819v1\", \"fdb38ea7a88792751607f750b38facdb\"]", "records_list": [{"priority": -2, "journal_title": null, "doi": null, "container": null, "description": "Analogs of Titan's aerosols are produced in the laboratory as grains in a gas mixture, or as layers on a substrate. This production procedure enables the methane-nitrogen mixture composition to be changed. The aim of this paper is to understand the variations observed on the linear polarization of the scattered light as a function of the production conditions. The influence of the concentration of methane injected in the plasma will be discussed and compared with the previous work of Hadamcik et al. (2009a). The diameter of the grains are measured by SEM-FEG images. The decrease of absorption with increasing wavelength, measured by spectroscopic ellipsometry on layers, is observed for a decreasing initial methane ratio and analyzed in terms of an increasing 'amine' content in the materials. The phase function parameters of the linear polarization of the scattered light are discussed in terms of the diameters of the aggregates and of the constituent grains, and the variation of the refractive indices (mainly absorption). The polarization is found to be highly correlated with the constituent grain size. Finally, the experimental results are compared to polarization measurements from space of the Titan's atmosphere.", "pubdate": null, "splash_url": "https://hal.archives-ouvertes.fr/hal-00845819", "publisher_id": null, "publisher_name": null, "pdf_url": null, "journal_id": null, "volume": null, "source_id": 9, "pubtype": "journal-article", "contributors": "", "keywords": "Tholins Titan Aerosol Refractive indices Polarization Light scattering [SDU.ASTR.EP] Sciences of the Universe/Astrophysics/Earth and Planetary Astrophysics [PHYS.ASTR.EP] Physics/Astrophysics/Earth and Planetary Astrophysics", "identifier": "ftartxiker:oai:HAL:hal-00845819v1", "issue": null, "pages": null}], "last_modified": "2016-09-08T08:12:31.520Z", "visible": true, "last_annotation": null, "doctype": "journal-article", "oa_status": "UNK", "pdf_url": null, "task": null, "researchers": []}}, {"model": "papers.paper", "pk": 17, "fields": {"title": "\"Model and measurements of a Transmission Line with Integrated Symmetrical 1-kV HBM Broadband ESD Protection in Advanced CMOS Technologies\",Sept. 24-26, 2012, Grenoble, France.", "fingerprint": "f2dba5d8907521a58dd6fb741a4ed2dc", "date_last_ask": null, "pubdate": "2012-09-24", "authors_list": [{"orcid": null, "affiliation": null, "name": {"full": "t. lim", "last": "Lim", "first": "T."}, "researcher_id": null}, {"orcid": null, "affiliation": null, "name": {"full": "j. jimenez", "last": "Jimenez", "first": "J."}, "researcher_id": null}, {"orcid": null, "affiliation": null, "name": {"full": "p. benech", "last": "Benech", "first": "P."}, "researcher_id": null}, {"orcid": null, "affiliation": null, "name": {"full": "j.-m. fournier", "last": "Fournier", "first": "J.-M."}, "researcher_id": null}, {"orcid": null, "affiliation": null, "name": {"full": "b. heitz", "last": "Heitz", "first": "B."}, "researcher_id": null}, {"orcid": null, "affiliation": null, "name": {"full": "p. galy", "last": "Galy", "first": "P."}, "researcher_id": null}], "identifiers": "[\"f2dba5d8907521a58dd6fb741a4ed2dc\", \"ftunivsavoie:oai:HAL:hal-01062241v1\"]", "records_list": [{"priority": -2, "journal_title": null, "doi": null, "container": null, "description": "International audience", "pubdate": null, "splash_url": "https://hal.archives-ouvertes.fr/hal-01062241", "publisher_id": null, "publisher_name": null, "pdf_url": null, "journal_id": null, "volume": null, "source_id": 9, "pubtype": "proceedings-article", "contributors": "", "keywords": "[SPI.NANO] Engineering Sciences [physics]/Micro and nanotechnologies/Microelectronics", "identifier": "ftunivsavoie:oai:HAL:hal-01062241v1", "issue": null, "pages": null}], "last_modified": "2016-09-08T08:12:31.643Z", "visible": true, "last_annotation": null, "doctype": "proceedings-article", "oa_status": "UNK", "pdf_url": null, "task": null, "researchers": []}}, {"model": "papers.paperworld", "pk": 1, "fields": {"stats": 1}}, {"model": "admin.logentry", "pk": 1, "fields": {"action_time": "2016-07-23T02:01:13.083Z", "user": ["dissemin"], "content_type": ["socialaccount", "socialapp"], "object_id": "1", "object_repr": "Orcid sandbox", "action_flag": 1, "change_message": "Ajout."}}]