[{"model": "contenttypes.contenttype", "pk": 1, "fields": {"app_label": "admin", "model": "logentry"}}, {"model": "contenttypes.contenttype", "pk": 2, "fields": {"app_label": "auth", "model": "permission"}}, {"model": "contenttypes.contenttype", "pk": 3, "fields": {"app_label": "auth", "model": "group"}}, {"model": "contenttypes.contenttype", "pk": 4, "fields": {"app_label": "auth", "model": "user"}}, {"model": "contenttypes.contenttype", "pk": 5, "fields": {"app_label": "contenttypes", "model": "contenttype"}}, {"model": "contenttypes.contenttype", "pk": 6, "fields": {"app_label": "sessions", "model": "session"}}, {"model": "contenttypes.contenttype", "pk": 7, "fields": {"app_label": "sites", "model": "site"}}, {"model": "contenttypes.contenttype", "pk": 8, "fields": {"app_label": "account", "model": "emailaddress"}}, {"model": "contenttypes.contenttype", "pk": 9, "fields": {"app_label": "account", "model": "emailconfirmation"}}, {"model": "contenttypes.contenttype", "pk": 10, "fields": {"app_label": "socialaccount", "model": "socialapp"}}, {"model": "contenttypes.contenttype", "pk": 11, "fields": {"app_label": "socialaccount", "model": "socialaccount"}}, {"model": "contenttypes.contenttype", "pk": 12, "fields": {"app_label": "socialaccount", "model": "socialtoken"}}, {"model": "contenttypes.contenttype", "pk": 13, "fields": {"app_label": "statistics", "model": "accessstatistics"}}, {"model": "contenttypes.contenttype", "pk": 14, "fields": {"app_label": "publishers", "model": "publisher"}}, {"model": "contenttypes.contenttype", "pk": 15, "fields": {"app_label": "publishers", "model": "journal"}}, {"model": "contenttypes.contenttype", "pk": 16, "fields": {"app_label": "publishers", "model": "publishercondition"}}, {"model": "contenttypes.contenttype", "pk": 17, "fields": {"app_label": "publishers", "model": "publishercopyrightlink"}}, {"model": "contenttypes.contenttype", "pk": 18, "fields": {"app_label": "publishers", "model": "publisherrestrictiondetail"}}, {"model": "contenttypes.contenttype", "pk": 19, "fields": {"app_label": "publishers", "model": "aliaspublisher"}}, {"model": "contenttypes.contenttype", "pk": 20, "fields": {"app_label": "papers", "model": "institution"}}, {"model": "contenttypes.contenttype", "pk": 21, "fields": {"app_label": "papers", "model": "department"}}, {"model": "contenttypes.contenttype", "pk": 22, "fields": {"app_label": "papers", "model": "namevariant"}}, {"model": "contenttypes.contenttype", "pk": 23, "fields": {"app_label": "papers", "model": "researcher"}}, {"model": "contenttypes.contenttype", "pk": 24, "fields": {"app_label": "papers", "model": "name"}}, {"model": "contenttypes.contenttype", "pk": 25, "fields": {"app_label": "papers", "model": "paper"}}, {"model": "contenttypes.contenttype", "pk": 26, "fields": {"app_label": "papers", "model": "oaisource"}}, {"model": "contenttypes.contenttype", "pk": 27, "fields": {"app_label": "papers", "model": "oairecord"}}, {"model": "contenttypes.contenttype", "pk": 28, "fields": {"app_label": "papers", "model": "paperworld"}}, {"model": "contenttypes.contenttype", "pk": 29, "fields": {"app_label": "upload", "model": "uploadedpdf"}}, {"model": "contenttypes.contenttype", "pk": 30, "fields": {"app_label": "deposit", "model": "repository"}}, {"model": "contenttypes.contenttype", "pk": 31, "fields": {"app_label": "deposit", "model": "depositrecord"}}, {"model": "contenttypes.contenttype", "pk": 32, "fields": {"app_label": "notification", "model": "notification"}}, {"model": "contenttypes.contenttype", "pk": 33, "fields": {"app_label": "notification", "model": "notificationarchive"}}, {"model": "contenttypes.contenttype", "pk": 34, "fields": {"app_label": "notification", "model": "inbox"}}, {"model": "sites.site", "pk": 1, "fields": {"domain": "example.com", "name": "example.com"}}, {"model": "statistics.accessstatistics", "pk": 1, "fields": {"num_oa": 0, "num_ok": 0, "num_couldbe": 0, "num_unk": 0, "num_closed": 0, "num_tot": 0}}, {"model": "statistics.accessstatistics", "pk": 2, "fields": {"num_oa": 0, "num_ok": 0, "num_couldbe": 0, "num_unk": 0, "num_closed": 0, "num_tot": 0}}, {"model": "statistics.accessstatistics", "pk": 3, "fields": {"num_oa": 0, "num_ok": 2, "num_couldbe": 9, "num_unk": 0, "num_closed": 0, "num_tot": 11}}, {"model": "statistics.accessstatistics", "pk": 4, "fields": {"num_oa": 0, "num_ok": 0, "num_couldbe": 0, "num_unk": 0, "num_closed": 0, "num_tot": 0}}, {"model": "statistics.accessstatistics", "pk": 5, "fields": {"num_oa": 0, "num_ok": 0, "num_couldbe": 0, "num_unk": 0, "num_closed": 0, "num_tot": 0}}, {"model": "statistics.accessstatistics", "pk": 6, "fields": {"num_oa": 0, "num_ok": 1, "num_couldbe": 2, "num_unk": 0, "num_closed": 0, "num_tot": 3}}, {"model": "statistics.accessstatistics", "pk": 7, "fields": {"num_oa": 0, "num_ok": 3, "num_couldbe": 6, "num_unk": 0, "num_closed": 0, "num_tot": 9}}, {"model": "statistics.accessstatistics", "pk": 8, "fields": {"num_oa": 0, "num_ok": 0, "num_couldbe": 1, "num_unk": 0, "num_closed": 0, "num_tot": 1}}, {"model": "statistics.accessstatistics", "pk": 9, "fields": {"num_oa": 0, "num_ok": 3, "num_couldbe": 6, "num_unk": 0, "num_closed": 0, "num_tot": 9}}, {"model": "statistics.accessstatistics", "pk": 10, "fields": {"num_oa": 0, "num_ok": 10, "num_couldbe": 8, "num_unk": 7, "num_closed": 0, "num_tot": 25}}, {"model": "statistics.accessstatistics", "pk": 11, "fields": {"num_oa": 0, "num_ok": 0, "num_couldbe": 0, "num_unk": 0, "num_closed": 0, "num_tot": 0}}, {"model": "statistics.accessstatistics", "pk": 12, "fields": {"num_oa": 0, "num_ok": 10, "num_couldbe": 8, "num_unk": 7, "num_closed": 0, "num_tot": 25}}, {"model": "publishers.publisher", "pk": 1, "fields": {"romeo_id": "21", "name": "Association for Computing Machinery", "alias": "ACM", "url": "http://www.acm.org/", "preprint": "can", "postprint": "can", "pdfversion": "cannot", "oa_status": "OK", "stats": 6}}, {"model": "publishers.publisher", "pk": 2, "fields": {"romeo_id": "74", "name": "Springer Verlag", "alias": "Germany", "url": "http://www.springerlink.com/?MUD=MP", "preprint": "can", "postprint": "can", "pdfversion": "cannot", "oa_status": "OK", "stats": 7}}, {"model": "publishers.publisher", "pk": 3, "fields": {"romeo_id": "38", "name": "Institute of Electrical and Electronics Engineers", "alias": "IEEE", "url": "http://www.ieee.org/index.html", "preprint": "can", "postprint": "can", "pdfversion": "cannot", "oa_status": "OK", "stats": 8}}, {"model": "publishers.journal", "pk": 1, "fields": {"title": "Lecture Notes in Computer Science", "last_updated": "2016-01-08T22:04:52.805Z", "issn": "0302-9743", "publisher": 2, "stats": 9}}, {"model": "publishers.publishercondition", "pk": 1, "fields": {"publisher": 1, "text": "Author's pre-print on non-peer review servers prior to submission to journal"}}, {"model": "publishers.publishercondition", "pk": 2, "fields": {"publisher": 1, "text": "Author's pre-prints can be deposited on public repositories as long as accompanied by ACM copyright notice upon transfer of copyright"}}, {"model": "publishers.publishercondition", "pk": 3, "fields": {"publisher": 1, "text": "Author's Post-print on author's personal website, institutional repository, employer's website or funder's mandated repository only"}}, {"model": "publishers.publishercondition", "pk": 4, "fields": {"publisher": 1, "text": "Non commercial use"}}, {"model": "publishers.publishercondition", "pk": 5, "fields": {"publisher": 1, "text": "Publisher's version/PDF cannot be used"}}, {"model": "publishers.publishercondition", "pk": 6, "fields": {"publisher": 1, "text": "Publisher copyright and source must be acknowledged"}}, {"model": "publishers.publishercondition", "pk": 7, "fields": {"publisher": 1, "text": "Must link to publisher version with statement that this is the definitive version and DOI"}}, {"model": "publishers.publishercondition", "pk": 8, "fields": {"publisher": 1, "text": "Must state that version on repository is the authors version"}}, {"model": "publishers.publishercondition", "pk": 9, "fields": {"publisher": 1, "text": "Set statement \"&#169; ACM, YYYY. This is the author's version of the work. It is posted here by permission of ACM for your personal use. Not for redistribution. The definitive version was published in PUBLICATION, {VOL#, ISS#, (DATE)} http://doi.acm.org/10.1145/nnnnnn.nnnnnn\""}}, {"model": "publishers.publishercondition", "pk": 10, "fields": {"publisher": 2, "text": "Author's pre-print on pre-print servers such as arXiv.org"}}, {"model": "publishers.publishercondition", "pk": 11, "fields": {"publisher": 2, "text": "Author's post-print on author's personal website immediately"}}, {"model": "publishers.publishercondition", "pk": 12, "fields": {"publisher": 2, "text": "Author's post-print on any open access repository after <num>12</num> <period units=\"month\">months</period> after publication"}}, {"model": "publishers.publishercondition", "pk": 13, "fields": {"publisher": 2, "text": "Publisher's version/PDF cannot be used"}}, {"model": "publishers.publishercondition", "pk": 14, "fields": {"publisher": 2, "text": "Published source must be acknowledged"}}, {"model": "publishers.publishercondition", "pk": 15, "fields": {"publisher": 2, "text": "Must link to publisher version"}}, {"model": "publishers.publishercondition", "pk": 16, "fields": {"publisher": 2, "text": "Set phrase to accompany link to published version (see policy)"}}, {"model": "publishers.publishercondition", "pk": 17, "fields": {"publisher": 2, "text": "Articles in some journals can be made Open Access on payment of additional charge"}}, {"model": "publishers.publishercondition", "pk": 18, "fields": {"publisher": 3, "text": "Author's pre-print on Author's personal website, employers website or publicly accessible server"}}, {"model": "publishers.publishercondition", "pk": 19, "fields": {"publisher": 3, "text": "Author's post-print on Author's server or Institutional server"}}, {"model": "publishers.publishercondition", "pk": 20, "fields": {"publisher": 3, "text": "Author's pre-print must be removed upon publication of final version and replaced with either full citation to IEEE work with a Digital Object Identifier or link to article abstract in IEEE Xplore or replaced with Authors post-print"}}, {"model": "publishers.publishercondition", "pk": 21, "fields": {"publisher": 3, "text": "Author's pre-print must be accompanied with set-phrase, once submitted to IEEE for publication (\"This work has been submitted to the IEEE for possible publication. Copyright may be transferred without notice, after which this version may no longer be accessible\")"}}, {"model": "publishers.publishercondition", "pk": 22, "fields": {"publisher": 3, "text": "Author's pre-print must be accompanied with set-phrase, when accepted by IEEE for publication (\"(c) 20xx IEEE. Personal use of this material is permitted. Permission from IEEE must be obtained for all other users, including reprinting/ republishing this material for advertising or promotional purposes, creating new collective works for resale or redistribution to servers or lists, or reuse of any copyrighted components of this work in other works.\")"}}, {"model": "publishers.publishercondition", "pk": 23, "fields": {"publisher": 3, "text": "IEEE must be informed as to the electronic address of the pre-print"}}, {"model": "publishers.publishercondition", "pk": 24, "fields": {"publisher": 3, "text": "If funding rules apply authors may post Author's post-print version in funder's designated repository"}}, {"model": "publishers.publishercondition", "pk": 25, "fields": {"publisher": 3, "text": "Author's Post-print - Publisher copyright and source must be acknowledged with citation (see above set statement)"}}, {"model": "publishers.publishercondition", "pk": 26, "fields": {"publisher": 3, "text": "Author's Post-print - Must link to publisher version with DOI"}}, {"model": "publishers.publishercondition", "pk": 27, "fields": {"publisher": 3, "text": "Publisher's version/PDF cannot be used"}}, {"model": "publishers.publishercondition", "pk": 28, "fields": {"publisher": 3, "text": "Publisher copyright and source must be acknowledged"}}, {"model": "publishers.publishercopyrightlink", "pk": 1, "fields": {"publisher": 1, "text": "Policy", "url": "http://authors.acm.org/"}}, {"model": "publishers.publishercopyrightlink", "pk": 2, "fields": {"publisher": 2, "text": "Self-archiving policy", "url": "http://www.springer.com/gp/open-access/authors-rights/self-archiving-policy/2124"}}, {"model": "publishers.publishercopyrightlink", "pk": 3, "fields": {"publisher": 2, "text": "Authors Rights", "url": "http://www.springer.com/gp/open-access/authors-rights"}}, {"model": "publishers.publishercopyrightlink", "pk": 4, "fields": {"publisher": 2, "text": "Funder Compliance", "url": "http://www.springer.com/gp/open-access/authors-rights/funder-compliance/6332"}}, {"model": "publishers.publishercopyrightlink", "pk": 5, "fields": {"publisher": 3, "text": "Electronic information dissemination policy", "url": "http://www.ieee.org/publications_standards/publications/rights/rights_policies.html"}}, {"model": "publishers.publishercopyrightlink", "pk": 6, "fields": {"publisher": 3, "text": "copyright form", "url": "http://www.ieee.org/documents/ieeecopyrightform.pdf"}}, {"model": "publishers.publishercopyrightlink", "pk": 7, "fields": {"publisher": 3, "text": "Copyright Policy", "url": "http://www.ieee.org/publications_standards/publications/rights/copyrightpolicy.html"}}, {"model": "publishers.aliaspublisher", "pk": 1, "fields": {"publisher": 1, "name": "Association for Computing Machinery (ACM)", "count": 8}}, {"model": "publishers.aliaspublisher", "pk": 2, "fields": {"publisher": 2, "name": "Springer Science + Business Media", "count": 26}}, {"model": "publishers.aliaspublisher", "pk": 3, "fields": {"publisher": 3, "name": "Institute of Electrical & Electronics Engineers (IEEE)", "count": 3}}, {"model": "papers.institution", "pk": 1, "fields": {"name": "ENS", "stats": 10}}, {"model": "papers.department", "pk": 1, "fields": {"name": "Chemistry dept", "institution": 1, "stats": 11}}, {"model": "papers.department", "pk": 2, "fields": {"name": "Comp sci dept", "institution": 1, "stats": 12}}, {"model": "papers.namevariant", "pk": 1, "fields": {"name": 1, "researcher": 1, "confidence": 0.8}}, {"model": "papers.namevariant", "pk": 2, "fields": {"name": 2, "researcher": 2, "confidence": 0.8}}, {"model": "papers.namevariant", "pk": 3, "fields": {"name": 3, "researcher": 3, "confidence": 0.8}}, {"model": "papers.namevariant", "pk": 4, "fields": {"name": 4, "researcher": 4, "confidence": 0.8}}, {"model": "papers.namevariant", "pk": 5, "fields": {"name": 5, "researcher": 5, "confidence": 0.8}}, {"model": "papers.name", "pk": 1, "fields": {"first": "Isabelle", "last": "Aujard", "full": "isabelle aujard", "best_confidence": 0.8}}, {"model": "papers.name", "pk": 2, "fields": {"first": "Ludovic", "last": "Jullien", "full": "ludovic jullien", "best_confidence": 0.8}}, {"model": "papers.name", "pk": 3, "fields": {"first": "Antoine", "last": "Amarilli", "full": "antoine amarilli", "best_confidence": 0.8}}, {"model": "papers.name", "pk": 4, "fields": {"first": "Antonin", "last": "Delpeuch", "full": "antonin delpeuch", "best_confidence": 0.8}}, {"model": "papers.name", "pk": 5, "fields": {"first": "Terence", "last": "Tao", "full": "terence tao", "best_confidence": 0.8}}, {"model": "papers.name", "pk": 6, "fields": {"first": "Silviu", "last": "Maniu", "full": "silviu maniu", "best_confidence": 0.0}}, {"model": "papers.name", "pk": 7, "fields": {"first": "Pierre", "last": "Senellart", "full": "pierre senellart", "best_confidence": 0.0}}, {"model": "papers.name", "pk": 8, "fields": {"first": "Ruiming", "last": "Tang", "full": "ruiming tang", "best_confidence": 0.0}}, {"model": "papers.name", "pk": 9, "fields": {"first": "St\u00e9phane", "last": "Bressan", "full": "stephane bressan", "best_confidence": 0.0}}, {"model": "papers.name", "pk": 10, "fields": {"first": "Yael", "last": "Amsterdamer", "full": "yael amsterdamer", "best_confidence": 0.0}}, {"model": "papers.name", "pk": 11, "fields": {"first": "Tova", "last": "Milo", "full": "tova milo", "best_confidence": 0.0}}, {"model": "papers.name", "pk": 12, "fields": {"first": "Michael", "last": "Benedikt", "full": "michael benedikt", "best_confidence": 0.0}}, {"model": "papers.name", "pk": 13, "fields": {"first": "David", "last": "Naccache", "full": "david naccache", "best_confidence": 0.0}}, {"model": "papers.name", "pk": 14, "fields": {"first": "Pablo", "last": "Rauzy", "full": "pablo rauzy", "best_confidence": 0.0}}, {"model": "papers.name", "pk": 15, "fields": {"first": "Emil", "last": "Simion", "full": "emil simion", "best_confidence": 0.0}}, {"model": "papers.name", "pk": 16, "fields": {"first": "Pierre", "last": "Bourhis", "full": "pierre bourhis", "best_confidence": 0.0}}, {"model": "papers.name", "pk": 17, "fields": {"first": "Fabrice", "last": "Ben Hamouda", "full": "fabrice ben hamouda", "best_confidence": 0.0}}, {"model": "papers.name", "pk": 18, "fields": {"first": "Florian", "last": "Bourse", "full": "florian bourse", "best_confidence": 0.0}}, {"model": "papers.name", "pk": 19, "fields": {"first": "Robin", "last": "Morisset", "full": "robin morisset", "best_confidence": 0.0}}, {"model": "papers.name", "pk": 20, "fields": {"first": "Luis", "last": "Gal\u00e1rraga", "full": "luis galarraga", "best_confidence": 0.0}}, {"model": "papers.name", "pk": 21, "fields": {"first": "Nicoleta", "last": "Preda", "full": "nicoleta preda", "best_confidence": 0.0}}, {"model": "papers.name", "pk": 22, "fields": {"first": "Fabian M.", "last": "Suchanek", "full": "fabian m. suchanek", "best_confidence": 0.0}}, {"model": "papers.name", "pk": 23, "fields": {"first": "Aliaksandr", "last": "Talaika", "full": "aliaksandr talaika", "best_confidence": 0.0}}, {"model": "papers.name", "pk": 24, "fields": {"first": "Joanna", "last": "Biega", "full": "joanna biega", "best_confidence": 0.0}}, {"model": "papers.name", "pk": 25, "fields": {"first": "Sascha", "last": "M\u00fcller", "full": "sascha muller", "best_confidence": 0.0}}, {"model": "papers.name", "pk": 26, "fields": {"first": "Daniel", "last": "Page", "full": "daniel page", "best_confidence": 0.0}}, {"model": "papers.name", "pk": 27, "fields": {"first": "Michael", "last": "Tunstall", "full": "michael tunstall", "best_confidence": 0.0}}, {"model": "papers.name", "pk": 28, "fields": {"first": "Amarilli", "last": "Marcovecchio", "full": "amarilli marcovecchio", "best_confidence": 0.0}}, {"model": "papers.name", "pk": 29, "fields": {"first": "Susan", "last": "McClary", "full": "susan mcclary", "best_confidence": 0.0}}, {"model": "papers.name", "pk": 30, "fields": {"first": "M.", "last": "Patris", "full": "m. patris", "best_confidence": 0.0}}, {"model": "papers.name", "pk": 31, "fields": {"first": "P.-H.", "last": "Amarilli", "full": "p.-h. amarilli", "best_confidence": 0.0}}, {"model": "papers.name", "pk": 32, "fields": {"first": "M.", "last": "Ossi", "full": "m. ossi", "best_confidence": 0.0}}, {"model": "papers.name", "pk": 33, "fields": {"first": "Fabrizio", "last": "Amarilli", "full": "fabrizio amarilli", "best_confidence": 0.0}}, {"model": "papers.name", "pk": 34, "fields": {"first": "Alberto", "last": "Spreafico", "full": "alberto spreafico", "best_confidence": 0.0}}, {"model": "papers.name", "pk": 35, "fields": {"first": "James", "last": "Chater", "full": "james chater", "best_confidence": 0.0}}, {"model": "papers.name", "pk": 36, "fields": {"first": "Murray", "last": "Pomerance", "full": "murray pomerance", "best_confidence": 0.0}}, {"model": "papers.name", "pk": 37, "fields": {"first": "C.", "last": "Perego", "full": "c. perego", "best_confidence": 0.0}}, {"model": "papers.name", "pk": 38, "fields": {"first": "S.", "last": "Amarilli", "full": "s. amarilli", "best_confidence": 0.0}}, {"model": "papers.name", "pk": 39, "fields": {"first": "R.", "last": "Millini", "full": "r. millini", "best_confidence": 0.0}}, {"model": "papers.name", "pk": 40, "fields": {"first": "G.", "last": "Bellussi", "full": "g. bellussi", "best_confidence": 0.0}}, {"model": "papers.name", "pk": 41, "fields": {"first": "G.", "last": "Girotti", "full": "g. girotti", "best_confidence": 0.0}}, {"model": "papers.name", "pk": 42, "fields": {"first": "G.", "last": "Terzoni", "full": "g. terzoni", "best_confidence": 0.0}}, {"model": "papers.name", "pk": 43, "fields": {"first": "C. A.", "last": "Waddell", "full": "c. a. waddell", "best_confidence": 0.0}}, {"model": "papers.name", "pk": 44, "fields": {"first": "T. P.", "last": "Rollason", "full": "t. p. rollason", "best_confidence": 0.0}}, {"model": "papers.name", "pk": 45, "fields": {"first": "J. M.", "last": "Amarilli", "full": "j. m. amarilli", "best_confidence": 0.0}}, {"model": "papers.name", "pk": 46, "fields": {"first": "J.", "last": "Cullimore", "full": "j. cullimore", "best_confidence": 0.0}}, {"model": "papers.name", "pk": 47, "fields": {"first": "C. C.", "last": "McCONKEY", "full": "c. c. mcconkey", "best_confidence": 0.0}}, {"model": "papers.name", "pk": 48, "fields": {"first": "Lucio", "last": "Forni", "full": "lucio forni", "best_confidence": 0.0}}, {"model": "papers.name", "pk": 49, "fields": {"first": "Stefano", "last": "Amarilli", "full": "stefano amarilli", "best_confidence": 0.0}}, {"model": "papers.name", "pk": 50, "fields": {"first": "Giuseppe", "last": "Bellussi", "full": "giuseppe bellussi", "best_confidence": 0.0}}, {"model": "papers.name", "pk": 51, "fields": {"first": "Carlo", "last": "Perego", "full": "carlo perego", "best_confidence": 0.0}}, {"model": "papers.name", "pk": 52, "fields": {"first": "Angela", "last": "Carati", "full": "angela carati", "best_confidence": 0.0}}, {"model": "papers.name", "pk": 53, "fields": {"first": "Amarilli", "last": "Cannata", "full": "amarilli cannata", "best_confidence": 0.0}}, {"model": "papers.name", "pk": 54, "fields": {"first": "Adolfo", "last": "Esposito", "full": "adolfo esposito", "best_confidence": 0.0}}, {"model": "papers.name", "pk": 55, "fields": {"first": "Sandro", "last": "Merolli", "full": "sandro merolli", "best_confidence": 0.0}}, {"model": "papers.name", "pk": 56, "fields": {"first": "Maurizio", "last": "Pelliccioni", "full": "maurizio pelliccioni", "best_confidence": 0.0}}, {"model": "papers.name", "pk": 57, "fields": {"first": "L.", "last": "Forni", "full": "l. forni", "best_confidence": 0.0}}, {"model": "papers.name", "pk": 58, "fields": {"first": "A.", "last": "Carati", "full": "a. carati", "best_confidence": 0.0}}, {"model": "papers.name", "pk": 59, "fields": {"first": "Lori", "last": "Wong", "full": "lori wong", "best_confidence": 0.0}}, {"model": "papers.name", "pk": 60, "fields": {"first": "Stephen", "last": "Rickerby", "full": "stephen rickerby", "best_confidence": 0.0}}, {"model": "papers.name", "pk": 61, "fields": {"first": "Alan", "last": "Phenix", "full": "alan phenix", "best_confidence": 0.0}}, {"model": "papers.name", "pk": 62, "fields": {"first": "Amarilli", "last": "Rava", "full": "amarilli rava", "best_confidence": 0.0}}, {"model": "papers.name", "pk": 63, "fields": {"first": "Rasha", "last": "Kamel", "full": "rasha kamel", "best_confidence": 0.0}}, {"model": "papers.name", "pk": 64, "fields": {"first": "Alberto", "last": "de Angelis", "full": "alberto de angelis", "best_confidence": 0.0}}, {"model": "papers.name", "pk": 65, "fields": {"first": "Donatella", "last": "Berti", "full": "donatella berti", "best_confidence": 0.0}}, {"model": "papers.name", "pk": 66, "fields": {"first": "Luciano", "last": "Montanari", "full": "luciano montanari", "best_confidence": 0.0}}, {"model": "papers.name", "pk": 67, "fields": {"first": "Tim", "last": "Carter", "full": "tim carter", "best_confidence": 0.0}}, {"model": "papers.name", "pk": 68, "fields": {"first": "Antoine", "last": "Poiteau", "full": "antoine poiteau", "best_confidence": 0.0}}, {"model": "papers.name", "pk": 69, "fields": {"first": "C.", "last": "Flego", "full": "c. flego", "best_confidence": 0.0}}, {"model": "papers.name", "pk": 70, "fields": {"first": "G.", "last": "Pazzuconi", "full": "g. pazzuconi", "best_confidence": 0.0}}, {"model": "papers.name", "pk": 71, "fields": {"first": "C.", "last": "Rizzo", "full": "c. rizzo", "best_confidence": 0.0}}, {"model": "papers.name", "pk": 72, "fields": {"first": "Herbert", "last": "Antoine", "full": "herbert antoine", "best_confidence": 0.0}}, {"model": "papers.name", "pk": 73, "fields": {"first": "Dechezlepr\ubd72e", "last": "Antoine", "full": "dechezleprbyolpe antoine", "best_confidence": 0.0}}, {"model": "papers.name", "pk": 74, "fields": {"first": "David-Antoine", "last": "Williams", "full": "david-antoine williams", "best_confidence": 0.0}}, {"model": "papers.name", "pk": 75, "fields": {"first": "Antoine", "last": "P\u00c3\u00a9coud", "full": "antoine pa(c)coud", "best_confidence": 0.0}}, {"model": "papers.name", "pk": 76, "fields": {"first": "Delphine", "last": "Kolesnik-Antoine", "full": "delphine kolesnik-antoine", "best_confidence": 0.0}}, {"model": "papers.name", "pk": 77, "fields": {"first": "Antoine", "last": "Bourrillon", "full": "antoine bourrillon", "best_confidence": 0.0}}, {"model": "papers.name", "pk": 78, "fields": {"first": "Antoine", "last": "Volodine", "full": "antoine volodine", "best_confidence": 0.0}}, {"model": "papers.name", "pk": 79, "fields": {"first": "Antoine", "last": "Magnin", "full": "antoine magnin", "best_confidence": 0.0}}, {"model": "papers.name", "pk": 80, "fields": {"first": "George Miller", "last": "Sternberg", "full": "george miller sternberg", "best_confidence": 0.0}}, {"model": "papers.name", "pk": 81, "fields": {"first": "Franz", "last": "Antoine", "full": "franz antoine", "best_confidence": 0.0}}, {"model": "papers.name", "pk": 82, "fields": {"first": "Jean-Claude", "last": "Casanova", "full": "jean-claude casanova", "best_confidence": 0.0}}, {"model": "papers.name", "pk": 83, "fields": {"first": "Jean-Pierre", "last": "Antoine", "full": "jean-pierre antoine", "best_confidence": 0.0}}, {"model": "papers.name", "pk": 84, "fields": {"first": "Michel", "last": "Aglietta", "full": "michel aglietta", "best_confidence": 0.0}}, {"model": "papers.name", "pk": 85, "fields": {"first": "Antoine", "last": "Reb\u00e9rioux", "full": "antoine reberioux", "best_confidence": 0.0}}, {"model": "papers.name", "pk": 86, "fields": {"first": "Antoine", "last": "Billot", "full": "antoine billot", "best_confidence": 0.0}}, {"model": "papers.name", "pk": 87, "fields": {"first": "Antoine", "last": "Lemaire", "full": "antoine lemaire", "best_confidence": 0.0}}, {"model": "papers.name", "pk": 88, "fields": {"first": "Tassilo", "last": "Antoine", "full": "tassilo antoine", "best_confidence": 0.0}}, {"model": "papers.name", "pk": 89, "fields": {"first": "Bruno", "last": "Pfab", "full": "bruno pfab", "best_confidence": 0.0}}, {"model": "papers.name", "pk": 90, "fields": {"first": "Pierre Antoine Emile", "last": "Vigneron", "full": "pierre antoine emile vigneron", "best_confidence": 0.0}}, {"model": "papers.name", "pk": 91, "fields": {"first": "Antoine", "last": "Bret", "full": "antoine bret", "best_confidence": 0.0}}, {"model": "papers.name", "pk": 92, "fields": {"first": "Antoine", "last": "Bousquet", "full": "antoine bousquet", "best_confidence": 0.0}}, {"model": "papers.name", "pk": 93, "fields": {"first": "Antoine", "last": "Proeyen", "full": "antoine proeyen", "best_confidence": 0.0}}, {"model": "papers.name", "pk": 94, "fields": {"first": "Antoine", "last": "Jacques", "full": "antoine jacques", "best_confidence": 0.0}}, {"model": "papers.name", "pk": 95, "fields": {"first": "Antoine", "last": "de Baecque", "full": "antoine de baecque", "best_confidence": 0.0}}, {"model": "papers.name", "pk": 96, "fields": {"first": "Antoine", "last": "\u1e02il\u00ed", "full": "antoine bili", "best_confidence": 0.0}}, {"model": "papers.name", "pk": 97, "fields": {"first": "C.", "last": "Locht", "full": "c. locht", "best_confidence": 0.0}}, {"model": "papers.name", "pk": 98, "fields": {"first": "R.", "last": "Antoine", "full": "r. antoine", "best_confidence": 0.0}}, {"model": "papers.name", "pk": 99, "fields": {"first": "Antoine", "last": "Douaihy", "full": "antoine douaihy", "best_confidence": 0.0}}, {"model": "papers.name", "pk": 100, "fields": {"first": "Daley", "last": "Dennis", "full": "daley dennis", "best_confidence": 0.0}}, {"model": "papers.name", "pk": 101, "fields": {"first": "Antoine", "last": "Legrain", "full": "antoine legrain", "best_confidence": 0.0}}, {"model": "papers.name", "pk": 102, "fields": {"first": "Edwige", "last": "Rude-Antoine", "full": "edwige rude-antoine", "best_confidence": 0.0}}, {"model": "papers.name", "pk": 103, "fields": {"first": "Antoine", "last": "Camous", "full": "antoine camous", "best_confidence": 0.0}}, {"model": "papers.name", "pk": 104, "fields": {"first": "Russell", "last": "Cooper", "full": "russell cooper", "best_confidence": 0.0}}, {"model": "papers.name", "pk": 105, "fields": {"first": "Antoine", "last": "Braet", "full": "antoine braet", "best_confidence": 0.0}}, {"model": "papers.name", "pk": 106, "fields": {"first": "\u2020General Antoine", "last": "Lecerf", "full": "+general antoine lecerf", "best_confidence": 0.0}}, {"model": "papers.name", "pk": 107, "fields": {"first": "Antoine", "last": "Bailly", "full": "antoine bailly", "best_confidence": 0.0}}, {"model": "papers.name", "pk": 108, "fields": {"first": "Antoine", "last": "Perraud", "full": "antoine perraud", "best_confidence": 0.0}}, {"model": "papers.name", "pk": 109, "fields": {"first": "Antoine", "last": "Vion", "full": "antoine vion", "best_confidence": 0.0}}, {"model": "papers.name", "pk": 110, "fields": {"first": "Marc", "last": "Jeanmougin", "full": "marc jeanmougin", "best_confidence": 0.0}}, {"model": "papers.name", "pk": 111, "fields": {"first": "Marilena", "last": "Oita", "full": "marilena oita", "best_confidence": 0.0}}, {"model": "papers.paper", "pk": 3, "fields": {"title": "Uncertainty in Crowd Data Sourcing Under Structural Constraints", "fingerprint": "038278ec0990a1ccc3928cd61b90dcc8", "date_last_ask": null, "pubdate": "2014-01-01", "authors_list": [{"orcid": "0000-0002-7977-4441", "affiliation": null, "name": {"full": "antoine amarilli", "last": "Amarilli", "first": "Antoine"}, "researcher_id": 3}, {"orcid": null, "affiliation": null, "name": {"full": "yael amsterdamer", "last": "Amsterdamer", "first": "Yael"}, "researcher_id": null}, {"orcid": null, "affiliation": null, "name": {"full": "tova milo", "last": "Milo", "first": "Tova"}, "researcher_id": null}], "last_modified": "2016-06-11", "visible": true, "last_annotation": null, "doctype": "book-chapter", "oa_status": "OK", "pdf_url": "http://arxiv.org/pdf/1403.0783", "task": null, "researchers": [3]}}, {"model": "papers.paper", "pk": 7, "fields": {"title": "On the Connections between Relational\u00a0and\u00a0XML Probabilistic Data Models", "fingerprint": "b53e209057b744561a7912a9b62d76d5", "date_last_ask": null, "pubdate": "2013-01-01", "authors_list": [{"orcid": "0000-0002-7977-4441", "affiliation": null, "name": {"full": "antoine amarilli", "last": "Amarilli", "first": "Antoine"}, "researcher_id": 3}, {"orcid": null, "affiliation": null, "name": {"full": "pierre senellart", "last": "Senellart", "first": "Pierre"}, "researcher_id": null}], "last_modified": "2016-06-11", "visible": true, "last_annotation": null, "doctype": "book-chapter", "oa_status": "OK", "pdf_url": "http://citeseerx.ist.psu.edu/viewdoc/summary?doi=10.1.1.337.8622", "task": null, "researchers": [3]}}, {"model": "papers.paper", "pk": 8, "fields": {"title": "Provenance Circuits for Trees and Treelike Instances", "fingerprint": "48b592ae13109eeb1568d0b158265f6e", "date_last_ask": null, "pubdate": "2015-01-01", "authors_list": [{"orcid": "0000-0002-7977-4441", "affiliation": null, "name": {"full": "antoine amarilli", "last": "Amarilli", "first": "Antoine"}, "researcher_id": 3}, {"orcid": null, "affiliation": null, "name": {"full": "pierre bourhis", "last": "Bourhis", "first": "Pierre"}, "researcher_id": null}, {"orcid": null, "affiliation": null, "name": {"full": "pierre senellart", "last": "Senellart", "first": "Pierre"}, "researcher_id": null}], "last_modified": "2016-06-11", "visible": true, "last_annotation": null, "doctype": "book-chapter", "oa_status": "OK", "pdf_url": null, "task": null, "researchers": [3]}}, {"model": "papers.paper", "pk": 34, "fields": {"title": "Can Code Polymorphism Limit Information Leakage?", "fingerprint": "835417174a9b45def5608bfcc274b910", "date_last_ask": null, "pubdate": "2011-01-01", "authors_list": [{"orcid": "0000-0002-7977-4441", "affiliation": null, "name": {"full": "antoine amarilli", "last": "Amarilli", "first": "Antoine"}, "researcher_id": 3}, {"orcid": null, "affiliation": null, "name": {"full": "sascha muller", "last": "M\u00fcller", "first": "Sascha"}, "researcher_id": null}, {"orcid": null, "affiliation": null, "name": {"full": "david naccache", "last": "Naccache", "first": "David"}, "researcher_id": null}, {"orcid": null, "affiliation": null, "name": {"full": "michael tunstall", "last": "Tunstall", "first": "Michael"}, "researcher_id": null}, {"orcid": null, "affiliation": null, "name": {"full": "daniel page", "last": "Page", "first": "Daniel"}, "researcher_id": null}, {"orcid": null, "affiliation": null, "name": {"full": "pablo rauzy", "last": "Rauzy", "first": "Pablo"}, "researcher_id": null}], "last_modified": "2016-06-11", "visible": true, "last_annotation": null, "doctype": "book-chapter", "oa_status": "OK", "pdf_url": null, "task": null, "researchers": [3]}}, {"model": "papers.paper", "pk": 35, "fields": {"title": "Finite Open-World Query Answering with Number Restrictions", "fingerprint": "a42a3ef7eb61176458fef57f3aca00da", "date_last_ask": null, "pubdate": "2015-07-01", "authors_list": [{"orcid": "0000-0002-7977-4441", "affiliation": null, "name": {"full": "antoine amarilli", "last": "Amarilli", "first": "Antoine"}, "researcher_id": 3}, {"orcid": null, "affiliation": null, "name": {"full": "michael benedikt", "last": "Benedikt", "first": "Michael"}, "researcher_id": null}], "last_modified": "2016-06-11", "visible": true, "last_annotation": null, "doctype": "proceedings-article", "oa_status": "OK", "pdf_url": null, "task": null, "researchers": [3]}}, {"model": "papers.paper", "pk": 36, "fields": {"title": "Structurally Tractable Uncertain Data", "fingerprint": "8cc4a006d0507c3ca971c351d6b19dd2", "date_last_ask": null, "pubdate": "2015-01-01", "authors_list": [{"orcid": "0000-0002-7977-4441", "affiliation": null, "name": {"full": "antoine amarilli", "last": "Amarilli", "first": "Antoine"}, "researcher_id": 3}], "last_modified": "2016-06-11", "visible": true, "last_annotation": null, "doctype": "proceedings-article", "oa_status": "OK", "pdf_url": null, "task": null, "researchers": [3]}}, {"model": "papers.paper", "pk": 37, "fields": {"title": "Recent Topics of Research around the YAGO Knowledge Base", "fingerprint": "f018f8aa87b090095d804b4df12e5e2e", "date_last_ask": null, "pubdate": "2014-01-01", "authors_list": [{"orcid": "0000-0002-7977-4441", "affiliation": null, "name": {"full": "antoine amarilli", "last": "Amarilli", "first": "Antoine"}, "researcher_id": 3}, {"orcid": null, "affiliation": null, "name": {"full": "luis galarraga", "last": "Gal\u00e1rraga", "first": "Luis"}, "researcher_id": null}, {"orcid": null, "affiliation": null, "name": {"full": "nicoleta preda", "last": "Preda", "first": "Nicoleta"}, "researcher_id": null}, {"orcid": null, "affiliation": null, "name": {"full": "fabian m. suchanek", "last": "Suchanek", "first": "Fabian M."}, "researcher_id": null}], "last_modified": "2016-06-11", "visible": true, "last_annotation": null, "doctype": "book-chapter", "oa_status": "OK", "pdf_url": null, "task": null, "researchers": [3]}}, {"model": "papers.paper", "pk": 38, "fields": {"title": "Get a Sample for a Discount", "fingerprint": "0fcfa6d6cebb137cb06a024f634d567a", "date_last_ask": null, "pubdate": "2014-01-01", "authors_list": [{"orcid": null, "affiliation": null, "name": {"full": "ruiming tang", "last": "Tang", "first": "Ruiming"}, "researcher_id": null}, {"orcid": "0000-0002-7977-4441", "affiliation": null, "name": {"full": "antoine amarilli", "last": "Amarilli", "first": "Antoine"}, "researcher_id": 3}, {"orcid": null, "affiliation": null, "name": {"full": "pierre senellart", "last": "Senellart", "first": "Pierre"}, "researcher_id": null}, {"orcid": null, "affiliation": null, "name": {"full": "stephane bressan", "last": "Bressan", "first": "St\u00e9phane"}, "researcher_id": null}], "last_modified": "2016-06-11", "visible": true, "last_annotation": null, "doctype": "book-chapter", "oa_status": "OK", "pdf_url": null, "task": null, "researchers": [3]}}, {"model": "papers.paper", "pk": 39, "fields": {"title": "From Rational Number Reconstruction to Set Reconciliation and File Synchronization", "fingerprint": "2ec7548775c8aeca3f70a80585ff6ad2", "date_last_ask": null, "pubdate": "2013-01-01", "authors_list": [{"orcid": "0000-0002-7977-4441", "affiliation": null, "name": {"full": "antoine amarilli", "last": "Amarilli", "first": "Antoine"}, "researcher_id": 3}, {"orcid": null, "affiliation": null, "name": {"full": "fabrice ben hamouda", "last": "Ben Hamouda", "first": "Fabrice"}, "researcher_id": null}, {"orcid": null, "affiliation": null, "name": {"full": "florian bourse", "last": "Bourse", "first": "Florian"}, "researcher_id": null}, {"orcid": null, "affiliation": null, "name": {"full": "robin morisset", "last": "Morisset", "first": "Robin"}, "researcher_id": null}, {"orcid": null, "affiliation": null, "name": {"full": "david naccache", "last": "Naccache", "first": "David"}, "researcher_id": null}, {"orcid": null, "affiliation": null, "name": {"full": "pablo rauzy", "last": "Rauzy", "first": "Pablo"}, "researcher_id": null}], "last_modified": "2016-06-11", "visible": true, "last_annotation": null, "doctype": "book-chapter", "oa_status": "OK", "pdf_url": null, "task": null, "researchers": [3]}}, {"model": "papers.paper", "pk": 40, "fields": {"title": "Can a Program Reverse-Engineer Itself?", "fingerprint": "c6a320f69830d25d191ca496e7e727d8", "date_last_ask": null, "pubdate": "2011-01-01", "authors_list": [{"orcid": "0000-0002-7977-4441", "affiliation": null, "name": {"full": "antoine amarilli", "last": "Amarilli", "first": "Antoine"}, "researcher_id": 3}, {"orcid": null, "affiliation": null, "name": {"full": "david naccache", "last": "Naccache", "first": "David"}, "researcher_id": null}, {"orcid": null, "affiliation": null, "name": {"full": "pablo rauzy", "last": "Rauzy", "first": "Pablo"}, "researcher_id": null}, {"orcid": null, "affiliation": null, "name": {"full": "emil simion", "last": "Simion", "first": "Emil"}, "researcher_id": null}], "last_modified": "2016-06-11", "visible": true, "last_annotation": null, "doctype": "book-chapter", "oa_status": "OK", "pdf_url": null, "task": null, "researchers": [3]}}, {"model": "papers.paper", "pk": 41, "fields": {"title": "IBEX: Harvesting Entities from the Web Using Unique Identifiers", "fingerprint": "33f911f6ef7e69c44e522807b1f89452", "date_last_ask": null, "pubdate": "2010-01-01", "authors_list": [{"orcid": null, "affiliation": null, "name": {"full": "aliaksandr talaika", "last": "Talaika", "first": "Aliaksandr"}, "researcher_id": null}, {"orcid": null, "affiliation": null, "name": {"full": "joanna biega", "last": "Biega", "first": "Joanna"}, "researcher_id": null}, {"orcid": "0000-0002-7977-4441", "affiliation": null, "name": {"full": "antoine amarilli", "last": "Amarilli", "first": "Antoine"}, "researcher_id": 3}, {"orcid": null, "affiliation": null, "name": {"full": "fabian m. suchanek", "last": "Suchanek", "first": "Fabian M."}, "researcher_id": null}], "last_modified": "2016-06-11", "visible": true, "last_annotation": null, "doctype": "proceedings-article", "oa_status": "OK", "pdf_url": null, "task": null, "researchers": [3]}}, {"model": "papers.oaisource", "pk": 1, "fields": {"identifier": "hal", "name": "HAL", "oa": false, "priority": 1, "default_pubtype": "preprint", "last_status_update": "2016-01-08T21:59:58.660Z"}}, {"model": "papers.oaisource", "pk": 2, "fields": {"identifier": "arxiv", "name": "arXiv", "oa": false, "priority": 1, "default_pubtype": "preprint", "last_status_update": "2016-01-08T22:00:11.564Z"}}, {"model": "papers.oaisource", "pk": 3, "fields": {"identifier": "cairn", "name": "Cairn", "oa": false, "priority": 10, "default_pubtype": "preprint", "last_status_update": "2016-01-08T22:01:59.115Z"}}, {"model": "papers.oaisource", "pk": 4, "fields": {"identifier": "pmc", "name": "PubMed Central", "oa": false, "priority": 10, "default_pubtype": "preprint", "last_status_update": "2016-01-08T22:01:59.129Z"}}, {"model": "papers.oaisource", "pk": 5, "fields": {"identifier": "doaj", "name": "DOAJ", "oa": true, "priority": 10, "default_pubtype": "journal-article", "last_status_update": "2016-01-08T22:01:59.138Z"}}, {"model": "papers.oaisource", "pk": 6, "fields": {"identifier": "persee", "name": "Pers\u00e9e", "oa": true, "priority": 10, "default_pubtype": "preprint", "last_status_update": "2016-01-08T22:01:59.146Z"}}, {"model": "papers.oaisource", "pk": 7, "fields": {"identifier": "zenodo", "name": "Zenodo", "oa": false, "priority": 15, "default_pubtype": "preprint", "last_status_update": "2016-01-08T22:01:59.154Z"}}, {"model": "papers.oaisource", "pk": 8, "fields": {"identifier": "numdam", "name": "Numdam", "oa": false, "priority": 10, "default_pubtype": "journal-article", "last_status_update": "2016-01-08T22:01:59.163Z"}}, {"model": "papers.oaisource", "pk": 9, "fields": {"identifier": "base", "name": "BASE", "oa": false, "priority": -2, "default_pubtype": "preprint", "last_status_update": "2016-01-08T22:01:59.171Z"}}, {"model": "papers.oaisource", "pk": 10, "fields": {"identifier": "orcid", "name": "ORCID", "oa": false, "priority": 1, "default_pubtype": "other", "last_status_update": "2016-01-08T22:04:48.702Z"}}, {"model": "papers.oaisource", "pk": 11, "fields": {"identifier": "crossref", "name": "Crossref", "oa": false, "priority": 1, "default_pubtype": "journal-article", "last_status_update": "2016-05-21T07:01:36.874Z"}}, {"model": "papers.oairecord", "pk": 8, "fields": {"source": 2, "about": 3, "identifier": "oai:HAL:hal-01190716v1", "splash_url": "http://arxiv.org/abs/1403.0783", "pdf_url": "http://arxiv.org/pdf/1403.0783", "description": " Applications extracting data from crowdsourcing platforms must deal with the uncertainty of crowd answers in two different ways: first, by deriving estimates of the correct value from the answers; second, by choosing crowd questions whose answers are expected to minimize this uncertainty relative to the overall data collection goal. Such problems are already challenging when we assume that questions are unrelated and answers are independent, but they are even more complicated when we assume that the unknown values follow hard structural constraints (such as monotonicity). In this vision paper, we examine how to formally address this issue with an approach inspired by [Amsterdamer et al., 2013]. We describe a generalized setting where we model constraints as linear inequalities, and use them to guide the choice of crowd questions and the processing of answers. We present the main challenges arising in this setting, and propose directions to solve them. ", "keywords": "[INFO.INFO-DB] Computer Science [cs]/Databases [cs.DB]", "contributors": "Laboratoire Traitement et Communication de l'Information (LTCI) ; T\u00e9l\u00e9com ParisTech - Institut Mines-T\u00e9l\u00e9com - Centre National de la Recherche Scientifique (CNRS) School of Computer Science, Tel Aviv University (TAU-CS) ; Tel Aviv University", "pubtype": "proceedings", "journal_title": null, "container": null, "journal": null, "publisher": null, "publisher_name": null, "issue": null, "volume": null, "pages": null, "pubdate": null, "doi": null, "last_update": "2016-01-08T22:03:24.154Z", "priority": 1}}, {"model": "papers.oairecord", "pk": 10, "fields": {"source": 1, "about": 8, "identifier": "oai:HAL:hal-01178399v1", "splash_url": "https://hal-institut-mines-telecom.archives-ouvertes.fr/hal-01178399", "pdf_url": null, "description": "Query evaluation in monadic second-order logic (MSO) is tractable on trees and treelike instances, even though it is hard for arbitrary instances. This tractability result has been extended to several tasks related to query evaluation, such as counting query results or performing query evaluation on probabilistic trees. These are two examples of the more general problem of computing augmented query output, that is referred to as provenance. This article presents a provenance framework for trees and treelike instances, by describing a linear-time construction of a circuit provenance representation for MSO queries. We show how this provenance can be connected to the usual definitions of semiring provenance on relational instances, even though we compute it in an unusual way, using tree automata; we do so via intrinsic definitions of provenance for general semirings, independent of the operational details of query evaluation. We show applications of this provenance to capture existing counting and probabilistic results on trees and treelike instances, and give novel consequences for probability evaluation.", "keywords": "[INFO.INFO-DB] Computer Science [cs]/Databases [cs.DB]", "contributors": "Laboratoire Traitement et Communication de l'Information (LTCI) ; T\u00e9l\u00e9com ParisTech - Institut Mines-T\u00e9l\u00e9com - CNRS Centre de Recherche en Informatique, Signal et Automatique de Lille (CRIStAL) ; Universit\u00e9 Lille 1 - Sciences et technologies - INRIA - Ecole Centrale de Lille - CNRS", "pubtype": "proceedings", "journal_title": null, "container": null, "journal": null, "publisher": null, "publisher_name": null, "issue": null, "volume": null, "pages": null, "pubdate": null, "doi": null, "last_update": "2016-01-08T22:03:21.830Z", "priority": 1}}, {"model": "papers.oairecord", "pk": 19, "fields": {"source": 9, "about": 7, "identifier": "oai:HAL:hal-00874445v1", "splash_url": "http://citeseerx.ist.psu.edu/viewdoc/summary?doi=10.1.1.337.8622", "pdf_url": "http://citeseerx.ist.psu.edu/viewdoc/summary?doi=10.1.1.337.8622", "description": "Abstract. A number of uncertain data models have been proposed, based on the notion of compact representations of probability distributions over possible worlds. In probabilistic relational models, tuples are annotated with probabilities or formulae over Boolean random variables. In probabilistic XML models, XML trees are augmented with nodes that specify probability distributions over their children. Both kinds of models have been extensively studied, with respect to their expressive power, compactness, and query efficiency, among other things. Probabilistic database systems have also been implemented, in both relational and XML settings. However, these studies have mostly been carried out independently and the translations between relational and XML models, as well as the impact for probabilistic relational databases of results about query complexity in probabilistic XML and vice versa, have not been made explicit: we detail such translations in this article, in both directions, study their impact in terms of complexity results, and present interesting open issues about the connections between relational and XML probabilistic data models.", "keywords": "[INFO.INFO-DB] Computer Science/Databases", "contributors": "School of Computer Science, Tel Aviv University (TAU-CS) ; Tel Aviv University Laboratoire Traitement et Communication de l'Information [Paris] (LTCI) ; T\u00e9l\u00e9com ParisTech - CNRS", "pubtype": "preprint", "journal_title": null, "container": null, "journal": null, "publisher": null, "publisher_name": null, "issue": null, "volume": null, "pages": null, "pubdate": null, "doi": null, "last_update": "2016-01-08T22:04:12.211Z", "priority": -2}}, {"model": "papers.oairecord", "pk": 22, "fields": {"source": 1, "about": 34, "identifier": "oai:HAL:hal-01110259v1", "splash_url": "https://hal.inria.fr/hal-01110259", "pdf_url": null, "description": " In addition to its usual complexity assumptions, cryptography silently assumes that information can be physically protected in a single location. As one can easily imagine, real-life devices are not ideal and information may leak through different physical side-channels. It is a known fact that information leakage is a function of both the executed code F and its input x. In this work we explore the use of polymorphic code as a way of resisting side channel attacks. We present experimental results with procedural and functional languages. In each case we rewrite the protected code code Fi before its execution. The outcome is a genealogy of programs F0, F1, . . . such that for all inputs x and for all indexes i \u2260 j \u21d2 Fi(x) = Fj(x) and Fi ne; Fj . This is shown to increase resistance to side channel attacks. ", "keywords": "[INFO.INFO-CR] Computer Science/Cryptography and Security", "contributors": "CASCADE (INRIA Paris-Rocquencourt) ; \u00c9cole normale sup\u00e9rieure - Paris (ENS Paris) - INRIA - CNRS Laboratoire d'informatique de l'\u00e9cole normale sup\u00e9rieure (LIENS) ; CNRS - \u00c9cole normale sup\u00e9rieure - Paris (ENS Paris) Claudio A. Ardagna  Jianying Zhou", "pubtype": "preprint", "journal_title": null, "container": null, "journal": null, "publisher": null, "publisher_name": null, "issue": null, "volume": null, "pages": null, "pubdate": null, "doi": null, "last_update": "2016-01-08T22:03:25.659Z", "priority": 1}}, {"model": "papers.oairecord", "pk": 24, "fields": {"source": 9, "about": 3, "identifier": "ftmemsic:oai:HAL:hal-01190716v1", "splash_url": "https://hal-institut-mines-telecom.archives-ouvertes.fr/hal-01190716", "pdf_url": null, "description": "International audience ; Applications extracting data from crowdsourcing platforms must deal with the uncertainty of crowd answers in two different ways: first, by deriving estimates of the correct value from the answers; second, by choosing crowd questions whose answers are expected to minimize this uncertainty relative to the overall data collection goal. Such problems are already challenging when we assume that questions are unrelated and answers are independent, but they are even more complicated when we assume that the unknown values follow hard structural constraints (such as monotonicity). In this vision paper, we examine how to formally address this issue with an approach inspired by [2]. We describe a generalized setting where we model constraints as linear inequalities, and use them to guide the choice of crowd questions and the processing of answers. We present the main challenges arising in this setting, and propose directions to solve them.", "keywords": "[INFO.INFO-DB] Computer Science [cs]/Databases [cs.DB]", "contributors": "", "pubtype": "proceedings", "journal_title": null, "container": null, "journal": null, "publisher": null, "publisher_name": null, "issue": null, "volume": null, "pages": null, "pubdate": null, "doi": null, "last_update": "2016-01-08T22:04:09.466Z", "priority": -2}}, {"model": "papers.oairecord", "pk": 27, "fields": {"source": 9, "about": 7, "identifier": "ftccsdartic:oai:hal-institut-mines-telecom.archives-ouvertes.fr:hal-00874445", "splash_url": "http://hal-institut-mines-telecom.archives-ouvertes.fr/hal-00874445", "pdf_url": null, "description": "---", "keywords": "[INFO:INFO_DB] Computer Science/Databases", "contributors": "", "pubtype": "preprint", "journal_title": null, "container": null, "journal": null, "publisher": null, "publisher_name": null, "issue": null, "volume": null, "pages": null, "pubdate": null, "doi": null, "last_update": "2016-01-08T22:04:12.253Z", "priority": -2}}, {"model": "papers.oairecord", "pk": 28, "fields": {"source": 9, "about": 34, "identifier": "ftartxiker:oai:HAL:hal-01110259v1", "splash_url": "https://hal.inria.fr/hal-01110259", "pdf_url": null, "description": "International audience ; In addition to its usual complexity assumptions, cryptography silently assumes that information can be physically protected in a single location. As one can easily imagine, real-life devices are not ideal and information may leak through different physical side-channels. It is a known fact that information leakage is a function of both the executed code F and its input x. In this work we explore the use of polymorphic code as a way of resisting side channel attacks. We present experimental results with procedural and functional languages. In each case we rewrite the protected code code Fi before its execution. The outcome is a genealogy of programs F0, F1, . . . such that for all inputs x and for all indexes i \u2260 j \u21d2 Fi(x) = Fj(x) and Fi ne; Fj . This is shown to increase resistance to side channel attacks.", "keywords": "[INFO.INFO-CR] Computer Science/Cryptography and Security", "contributors": "", "pubtype": "preprint", "journal_title": null, "container": null, "journal": null, "publisher": null, "publisher_name": null, "issue": null, "volume": null, "pages": null, "pubdate": null, "doi": null, "last_update": "2016-01-08T22:04:15.311Z", "priority": -2}}, {"model": "papers.oairecord", "pk": 31, "fields": {"source": 11, "about": 3, "identifier": "oai:crossref.org:10.1007/978-3-662-43984-5_27", "splash_url": "https://doi.org/10.1007/978-3-662-43984-5_27", "pdf_url": null, "description": null, "keywords": null, "contributors": null, "pubtype": "book-chapter", "journal_title": "Database Systems for Advanced Applications", "container": null, "journal": 1, "publisher": 2, "publisher_name": "Springer Science + Business Media", "issue": null, "volume": null, "pages": "351-359", "pubdate": "2014-01-01", "doi": "10.1007/978-3-662-43984-5_27", "last_update": "2016-05-21T07:04:49.327Z", "priority": 1}}, {"model": "papers.oairecord", "pk": 35, "fields": {"source": 11, "about": 7, "identifier": "oai:crossref.org:10.1007/978-3-642-39467-6_13", "splash_url": "https://doi.org/10.1007/978-3-642-39467-6_13", "pdf_url": null, "description": null, "keywords": null, "contributors": null, "pubtype": "book-chapter", "journal_title": "Big Data", "container": null, "journal": 1, "publisher": 2, "publisher_name": "Springer Science + Business Media", "issue": null, "volume": null, "pages": "121-134", "pubdate": "2013-01-01", "doi": "10.1007/978-3-642-39467-6_13", "last_update": "2016-05-21T07:04:49.346Z", "priority": 1}}, {"model": "papers.oairecord", "pk": 36, "fields": {"source": 11, "about": 8, "identifier": "oai:crossref.org:10.1007/978-3-662-47666-6_5", "splash_url": "https://doi.org/10.1007/978-3-662-47666-6_5", "pdf_url": null, "description": null, "keywords": null, "contributors": null, "pubtype": "book-chapter", "journal_title": "Automata, Languages, and Programming", "container": null, "journal": 1, "publisher": 2, "publisher_name": "Springer Science + Business Media", "issue": null, "volume": null, "pages": "56-68", "pubdate": "2015-01-01", "doi": "10.1007/978-3-662-47666-6_5", "last_update": "2016-05-21T07:04:49.351Z", "priority": 1}}, {"model": "papers.oairecord", "pk": 41, "fields": {"source": 11, "about": 34, "identifier": "oai:crossref.org:10.1007/978-3-642-21040-2_1", "splash_url": "https://doi.org/10.1007/978-3-642-21040-2_1", "pdf_url": null, "description": null, "keywords": null, "contributors": null, "pubtype": "book-chapter", "journal_title": "Information Security Theory and Practice. Security and Privacy of Mobile Devices in Wireless Communication", "container": null, "journal": 1, "publisher": 2, "publisher_name": "Springer Science + Business Media", "issue": null, "volume": null, "pages": "1-21", "pubdate": "2011-01-01", "doi": "10.1007/978-3-642-21040-2_1", "last_update": "2016-05-21T07:04:49.374Z", "priority": 1}}, {"model": "papers.oairecord", "pk": 42, "fields": {"source": 10, "about": 35, "identifier": "orcid:0000-0002-7977-4441:10.1109/lics.2015.37", "splash_url": "http://sandbox.orcid.org/0000-0002-7977-4441", "pdf_url": null, "description": null, "keywords": null, "contributors": null, "pubtype": "proceedings-article", "journal_title": null, "container": null, "journal": null, "publisher": null, "publisher_name": null, "issue": null, "volume": null, "pages": null, "pubdate": null, "doi": null, "last_update": "2016-06-11T12:55:42.361Z", "priority": 1}}, {"model": "papers.oairecord", "pk": 43, "fields": {"source": 11, "about": 35, "identifier": "oai:crossref.org:10.1109/lics.2015.37", "splash_url": "https://doi.org/10.1109/lics.2015.37", "pdf_url": null, "description": null, "keywords": null, "contributors": null, "pubtype": "proceedings-article", "journal_title": "2015 30th Annual ACM/IEEE Symposium on Logic in Computer Science", "container": null, "journal": null, "publisher": 3, "publisher_name": "Institute of Electrical & Electronics Engineers (IEEE)", "issue": null, "volume": null, "pages": null, "pubdate": null, "doi": "10.1109/lics.2015.37", "last_update": "2016-06-11T12:55:42.419Z", "priority": 1}}, {"model": "papers.oairecord", "pk": 44, "fields": {"source": 11, "about": 36, "identifier": "oai:crossref.org:10.1145/2744680.2744690", "splash_url": "https://doi.org/10.1145/2744680.2744690", "pdf_url": null, "description": null, "keywords": null, "contributors": null, "pubtype": "proceedings-article", "journal_title": "Proceedings of the 2015 ACM SIGMOD on PhD Symposium - SIGMOD '15 PhD Symposium", "container": null, "journal": null, "publisher": 1, "publisher_name": "Association for Computing Machinery (ACM)", "issue": null, "volume": null, "pages": null, "pubdate": null, "doi": "10.1145/2744680.2744690", "last_update": "2016-06-11T12:55:43.248Z", "priority": 1}}, {"model": "papers.oairecord", "pk": 45, "fields": {"source": 10, "about": 36, "identifier": "orcid:0000-0002-7977-4441:10.1145/2744680.2744690", "splash_url": "http://sandbox.orcid.org/0000-0002-7977-4441", "pdf_url": null, "description": null, "keywords": null, "contributors": null, "pubtype": "proceedings-article", "journal_title": null, "container": null, "journal": null, "publisher": null, "publisher_name": null, "issue": null, "volume": null, "pages": null, "pubdate": null, "doi": null, "last_update": "2016-06-11T12:55:43.292Z", "priority": 1}}, {"model": "papers.oairecord", "pk": 46, "fields": {"source": 10, "about": 8, "identifier": "orcid:0000-0002-7977-4441:10.1007/978-3-662-47666-6_5", "splash_url": "http://sandbox.orcid.org/0000-0002-7977-4441", "pdf_url": null, "description": null, "keywords": null, "contributors": null, "pubtype": "book-chapter", "journal_title": null, "container": null, "journal": null, "publisher": null, "publisher_name": null, "issue": null, "volume": null, "pages": null, "pubdate": null, "doi": null, "last_update": "2016-06-11T12:55:43.755Z", "priority": 1}}, {"model": "papers.oairecord", "pk": 47, "fields": {"source": 10, "about": 3, "identifier": "orcid:0000-0002-7977-4441:10.1007/978-3-662-43984-5_27", "splash_url": "http://sandbox.orcid.org/0000-0002-7977-4441", "pdf_url": null, "description": null, "keywords": null, "contributors": null, "pubtype": "book-chapter", "journal_title": null, "container": null, "journal": null, "publisher": null, "publisher_name": null, "issue": null, "volume": null, "pages": null, "pubdate": null, "doi": null, "last_update": "2016-06-11T12:55:44.085Z", "priority": 1}}, {"model": "papers.oairecord", "pk": 48, "fields": {"source": 11, "about": 37, "identifier": "oai:crossref.org:10.1007/978-3-319-11116-2_1", "splash_url": "https://doi.org/10.1007/978-3-319-11116-2_1", "pdf_url": null, "description": null, "keywords": null, "contributors": null, "pubtype": "book-chapter", "journal_title": "Web Technologies and Applications", "container": null, "journal": 1, "publisher": 2, "publisher_name": "Springer Science + Business Media", "issue": null, "volume": null, "pages": "1-12", "pubdate": null, "doi": "10.1007/978-3-319-11116-2_1", "last_update": "2016-06-11T12:55:44.319Z", "priority": 1}}, {"model": "papers.oairecord", "pk": 49, "fields": {"source": 10, "about": 37, "identifier": "orcid:0000-0002-7977-4441:10.1007/978-3-319-11116-2_1", "splash_url": "http://sandbox.orcid.org/0000-0002-7977-4441", "pdf_url": null, "description": null, "keywords": null, "contributors": null, "pubtype": "book-chapter", "journal_title": null, "container": null, "journal": null, "publisher": null, "publisher_name": null, "issue": null, "volume": null, "pages": null, "pubdate": null, "doi": null, "last_update": "2016-06-11T12:55:44.388Z", "priority": 1}}, {"model": "papers.oairecord", "pk": 50, "fields": {"source": 11, "about": 38, "identifier": "oai:crossref.org:10.1007/978-3-319-10073-9_3", "splash_url": "https://doi.org/10.1007/978-3-319-10073-9_3", "pdf_url": null, "description": null, "keywords": null, "contributors": null, "pubtype": "book-chapter", "journal_title": "Lecture Notes in Computer Science", "container": null, "journal": 1, "publisher": 2, "publisher_name": "Springer Science + Business Media", "issue": null, "volume": null, "pages": "20-34", "pubdate": null, "doi": "10.1007/978-3-319-10073-9_3", "last_update": "2016-06-11T12:55:44.864Z", "priority": 1}}, {"model": "papers.oairecord", "pk": 51, "fields": {"source": 10, "about": 38, "identifier": "orcid:0000-0002-7977-4441:10.1007/978-3-319-10073-9_3", "splash_url": "http://sandbox.orcid.org/0000-0002-7977-4441", "pdf_url": null, "description": null, "keywords": null, "contributors": null, "pubtype": "book-chapter", "journal_title": null, "container": null, "journal": null, "publisher": null, "publisher_name": null, "issue": null, "volume": null, "pages": null, "pubdate": null, "doi": null, "last_update": "2016-06-11T12:55:44.929Z", "priority": 1}}, {"model": "papers.oairecord", "pk": 52, "fields": {"source": 10, "about": 7, "identifier": "orcid:0000-0002-7977-4441:10.1007/978-3-642-39467-6_13", "splash_url": "http://sandbox.orcid.org/0000-0002-7977-4441", "pdf_url": null, "description": null, "keywords": null, "contributors": null, "pubtype": "book-chapter", "journal_title": null, "container": null, "journal": null, "publisher": null, "publisher_name": null, "issue": null, "volume": null, "pages": null, "pubdate": null, "doi": null, "last_update": "2016-06-11T12:55:45.493Z", "priority": 1}}, {"model": "papers.oairecord", "pk": 53, "fields": {"source": 11, "about": 39, "identifier": "oai:crossref.org:10.1007/978-3-642-41157-1_1", "splash_url": "https://doi.org/10.1007/978-3-642-41157-1_1", "pdf_url": null, "description": null, "keywords": null, "contributors": null, "pubtype": "book-chapter", "journal_title": "Trustworthy Global Computing", "container": null, "journal": 1, "publisher": 2, "publisher_name": "Springer Science + Business Media", "issue": null, "volume": null, "pages": "1-18", "pubdate": null, "doi": "10.1007/978-3-642-41157-1_1", "last_update": "2016-06-11T12:55:45.730Z", "priority": 1}}, {"model": "papers.oairecord", "pk": 54, "fields": {"source": 10, "about": 39, "identifier": "orcid:0000-0002-7977-4441:10.1007/978-3-642-41157-1_1", "splash_url": "http://sandbox.orcid.org/0000-0002-7977-4441", "pdf_url": null, "description": null, "keywords": null, "contributors": null, "pubtype": "book-chapter", "journal_title": null, "container": null, "journal": null, "publisher": null, "publisher_name": null, "issue": null, "volume": null, "pages": null, "pubdate": null, "doi": null, "last_update": "2016-06-11T12:55:45.797Z", "priority": 1}}, {"model": "papers.oairecord", "pk": 55, "fields": {"source": 10, "about": 34, "identifier": "orcid:0000-0002-7977-4441:10.1007/978-3-642-21040-2_1", "splash_url": "http://sandbox.orcid.org/0000-0002-7977-4441", "pdf_url": null, "description": null, "keywords": null, "contributors": null, "pubtype": "book-chapter", "journal_title": null, "container": null, "journal": null, "publisher": null, "publisher_name": null, "issue": null, "volume": null, "pages": null, "pubdate": null, "doi": null, "last_update": "2016-06-11T12:55:46.485Z", "priority": 1}}, {"model": "papers.oairecord", "pk": 56, "fields": {"source": 10, "about": 40, "identifier": "orcid:0000-0002-7977-4441:10.1007/978-3-642-25516-8_1", "splash_url": "http://sandbox.orcid.org/0000-0002-7977-4441", "pdf_url": null, "description": null, "keywords": null, "contributors": null, "pubtype": "book-chapter", "journal_title": null, "container": null, "journal": null, "publisher": null, "publisher_name": null, "issue": null, "volume": null, "pages": null, "pubdate": null, "doi": null, "last_update": "2016-06-11T12:55:46.734Z", "priority": 1}}, {"model": "papers.oairecord", "pk": 57, "fields": {"source": 11, "about": 40, "identifier": "oai:crossref.org:10.1007/978-3-642-25516-8_1", "splash_url": "https://doi.org/10.1007/978-3-642-25516-8_1", "pdf_url": null, "description": null, "keywords": null, "contributors": null, "pubtype": "book-chapter", "journal_title": "Cryptography and Coding", "container": null, "journal": 1, "publisher": 2, "publisher_name": "Springer Science + Business Media", "issue": null, "volume": null, "pages": "1-9", "pubdate": null, "doi": "10.1007/978-3-642-25516-8_1", "last_update": "2016-06-11T12:55:46.834Z", "priority": 1}}, {"model": "papers.oairecord", "pk": 58, "fields": {"source": 10, "about": 41, "identifier": "orcid:0000-0002-7977-4441:10.1145/2767109.2767116", "splash_url": "http://sandbox.orcid.org/0000-0002-7977-4441", "pdf_url": null, "description": null, "keywords": null, "contributors": null, "pubtype": "proceedings-article", "journal_title": null, "container": null, "journal": null, "publisher": null, "publisher_name": null, "issue": null, "volume": null, "pages": null, "pubdate": null, "doi": null, "last_update": "2016-06-11T12:55:47.686Z", "priority": 1}}, {"model": "papers.oairecord", "pk": 59, "fields": {"source": 11, "about": 41, "identifier": "oai:crossref.org:10.1145/2767109.2767116", "splash_url": "https://doi.org/10.1145/2767109.2767116", "pdf_url": null, "description": null, "keywords": null, "contributors": null, "pubtype": "proceedings-article", "journal_title": "Proceedings of the 18th International Workshop on Web and Databases - WebDB'15", "container": null, "journal": null, "publisher": 1, "publisher_name": "Association for Computing Machinery (ACM)", "issue": null, "volume": null, "pages": null, "pubdate": null, "doi": "10.1145/2767109.2767116", "last_update": "2016-06-11T12:55:47.769Z", "priority": 1}}, {"model": "auth.permission", "pk": 1, "fields": {"name": "Can add log entry", "content_type": 1, "codename": "add_logentry"}}, {"model": "auth.permission", "pk": 2, "fields": {"name": "Can change log entry", "content_type": 1, "codename": "change_logentry"}}, {"model": "auth.permission", "pk": 3, "fields": {"name": "Can delete log entry", "content_type": 1, "codename": "delete_logentry"}}, {"model": "auth.permission", "pk": 4, "fields": {"name": "Can add permission", "content_type": 2, "codename": "add_permission"}}, {"model": "auth.permission", "pk": 5, "fields": {"name": "Can change permission", "content_type": 2, "codename": "change_permission"}}, {"model": "auth.permission", "pk": 6, "fields": {"name": "Can delete permission", "content_type": 2, "codename": "delete_permission"}}, {"model": "auth.permission", "pk": 7, "fields": {"name": "Can add group", "content_type": 3, "codename": "add_group"}}, {"model": "auth.permission", "pk": 8, "fields": {"name": "Can change group", "content_type": 3, "codename": "change_group"}}, {"model": "auth.permission", "pk": 9, "fields": {"name": "Can delete group", "content_type": 3, "codename": "delete_group"}}, {"model": "auth.permission", "pk": 10, "fields": {"name": "Can add user", "content_type": 4, "codename": "add_user"}}, {"model": "auth.permission", "pk": 11, "fields": {"name": "Can change user", "content_type": 4, "codename": "change_user"}}, {"model": "auth.permission", "pk": 12, "fields": {"name": "Can delete user", "content_type": 4, "codename": "delete_user"}}, {"model": "auth.permission", "pk": 13, "fields": {"name": "Can add content type", "content_type": 5, "codename": "add_contenttype"}}, {"model": "auth.permission", "pk": 14, "fields": {"name": "Can change content type", "content_type": 5, "codename": "change_contenttype"}}, {"model": "auth.permission", "pk": 15, "fields": {"name": "Can delete content type", "content_type": 5, "codename": "delete_contenttype"}}, {"model": "auth.permission", "pk": 16, "fields": {"name": "Can add session", "content_type": 6, "codename": "add_session"}}, {"model": "auth.permission", "pk": 17, "fields": {"name": "Can change session", "content_type": 6, "codename": "change_session"}}, {"model": "auth.permission", "pk": 18, "fields": {"name": "Can delete session", "content_type": 6, "codename": "delete_session"}}, {"model": "auth.permission", "pk": 19, "fields": {"name": "Can add site", "content_type": 7, "codename": "add_site"}}, {"model": "auth.permission", "pk": 20, "fields": {"name": "Can change site", "content_type": 7, "codename": "change_site"}}, {"model": "auth.permission", "pk": 21, "fields": {"name": "Can delete site", "content_type": 7, "codename": "delete_site"}}, {"model": "auth.permission", "pk": 22, "fields": {"name": "Can add email address", "content_type": 8, "codename": "add_emailaddress"}}, {"model": "auth.permission", "pk": 23, "fields": {"name": "Can change email address", "content_type": 8, "codename": "change_emailaddress"}}, {"model": "auth.permission", "pk": 24, "fields": {"name": "Can delete email address", "content_type": 8, "codename": "delete_emailaddress"}}, {"model": "auth.permission", "pk": 25, "fields": {"name": "Can add email confirmation", "content_type": 9, "codename": "add_emailconfirmation"}}, {"model": "auth.permission", "pk": 26, "fields": {"name": "Can change email confirmation", "content_type": 9, "codename": "change_emailconfirmation"}}, {"model": "auth.permission", "pk": 27, "fields": {"name": "Can delete email confirmation", "content_type": 9, "codename": "delete_emailconfirmation"}}, {"model": "auth.permission", "pk": 28, "fields": {"name": "Can add social application", "content_type": 10, "codename": "add_socialapp"}}, {"model": "auth.permission", "pk": 29, "fields": {"name": "Can change social application", "content_type": 10, "codename": "change_socialapp"}}, {"model": "auth.permission", "pk": 30, "fields": {"name": "Can delete social application", "content_type": 10, "codename": "delete_socialapp"}}, {"model": "auth.permission", "pk": 31, "fields": {"name": "Can add social account", "content_type": 11, "codename": "add_socialaccount"}}, {"model": "auth.permission", "pk": 32, "fields": {"name": "Can change social account", "content_type": 11, "codename": "change_socialaccount"}}, {"model": "auth.permission", "pk": 33, "fields": {"name": "Can delete social account", "content_type": 11, "codename": "delete_socialaccount"}}, {"model": "auth.permission", "pk": 34, "fields": {"name": "Can add social application token", "content_type": 12, "codename": "add_socialtoken"}}, {"model": "auth.permission", "pk": 35, "fields": {"name": "Can change social application token", "content_type": 12, "codename": "change_socialtoken"}}, {"model": "auth.permission", "pk": 36, "fields": {"name": "Can delete social application token", "content_type": 12, "codename": "delete_socialtoken"}}, {"model": "auth.permission", "pk": 37, "fields": {"name": "Can add access statistics", "content_type": 13, "codename": "add_accessstatistics"}}, {"model": "auth.permission", "pk": 38, "fields": {"name": "Can change access statistics", "content_type": 13, "codename": "change_accessstatistics"}}, {"model": "auth.permission", "pk": 39, "fields": {"name": "Can delete access statistics", "content_type": 13, "codename": "delete_accessstatistics"}}, {"model": "auth.permission", "pk": 40, "fields": {"name": "Can add publisher", "content_type": 14, "codename": "add_publisher"}}, {"model": "auth.permission", "pk": 41, "fields": {"name": "Can change publisher", "content_type": 14, "codename": "change_publisher"}}, {"model": "auth.permission", "pk": 42, "fields": {"name": "Can delete publisher", "content_type": 14, "codename": "delete_publisher"}}, {"model": "auth.permission", "pk": 43, "fields": {"name": "Can add journal", "content_type": 15, "codename": "add_journal"}}, {"model": "auth.permission", "pk": 44, "fields": {"name": "Can change journal", "content_type": 15, "codename": "change_journal"}}, {"model": "auth.permission", "pk": 45, "fields": {"name": "Can delete journal", "content_type": 15, "codename": "delete_journal"}}, {"model": "auth.permission", "pk": 46, "fields": {"name": "Can add publisher condition", "content_type": 16, "codename": "add_publishercondition"}}, {"model": "auth.permission", "pk": 47, "fields": {"name": "Can change publisher condition", "content_type": 16, "codename": "change_publishercondition"}}, {"model": "auth.permission", "pk": 48, "fields": {"name": "Can delete publisher condition", "content_type": 16, "codename": "delete_publishercondition"}}, {"model": "auth.permission", "pk": 49, "fields": {"name": "Can add publisher copyright link", "content_type": 17, "codename": "add_publishercopyrightlink"}}, {"model": "auth.permission", "pk": 50, "fields": {"name": "Can change publisher copyright link", "content_type": 17, "codename": "change_publishercopyrightlink"}}, {"model": "auth.permission", "pk": 51, "fields": {"name": "Can delete publisher copyright link", "content_type": 17, "codename": "delete_publishercopyrightlink"}}, {"model": "auth.permission", "pk": 52, "fields": {"name": "Can add publisher restriction detail", "content_type": 18, "codename": "add_publisherrestrictiondetail"}}, {"model": "auth.permission", "pk": 53, "fields": {"name": "Can change publisher restriction detail", "content_type": 18, "codename": "change_publisherrestrictiondetail"}}, {"model": "auth.permission", "pk": 54, "fields": {"name": "Can delete publisher restriction detail", "content_type": 18, "codename": "delete_publisherrestrictiondetail"}}, {"model": "auth.permission", "pk": 55, "fields": {"name": "Can add alias publisher", "content_type": 19, "codename": "add_aliaspublisher"}}, {"model": "auth.permission", "pk": 56, "fields": {"name": "Can change alias publisher", "content_type": 19, "codename": "change_aliaspublisher"}}, {"model": "auth.permission", "pk": 57, "fields": {"name": "Can delete alias publisher", "content_type": 19, "codename": "delete_aliaspublisher"}}, {"model": "auth.permission", "pk": 58, "fields": {"name": "Can add institution", "content_type": 20, "codename": "add_institution"}}, {"model": "auth.permission", "pk": 59, "fields": {"name": "Can change institution", "content_type": 20, "codename": "change_institution"}}, {"model": "auth.permission", "pk": 60, "fields": {"name": "Can delete institution", "content_type": 20, "codename": "delete_institution"}}, {"model": "auth.permission", "pk": 61, "fields": {"name": "Can add department", "content_type": 21, "codename": "add_department"}}, {"model": "auth.permission", "pk": 62, "fields": {"name": "Can change department", "content_type": 21, "codename": "change_department"}}, {"model": "auth.permission", "pk": 63, "fields": {"name": "Can delete department", "content_type": 21, "codename": "delete_department"}}, {"model": "auth.permission", "pk": 64, "fields": {"name": "Can add name variant", "content_type": 22, "codename": "add_namevariant"}}, {"model": "auth.permission", "pk": 65, "fields": {"name": "Can change name variant", "content_type": 22, "codename": "change_namevariant"}}, {"model": "auth.permission", "pk": 66, "fields": {"name": "Can delete name variant", "content_type": 22, "codename": "delete_namevariant"}}, {"model": "auth.permission", "pk": 67, "fields": {"name": "Can add researcher", "content_type": 23, "codename": "add_researcher"}}, {"model": "auth.permission", "pk": 68, "fields": {"name": "Can change researcher", "content_type": 23, "codename": "change_researcher"}}, {"model": "auth.permission", "pk": 69, "fields": {"name": "Can delete researcher", "content_type": 23, "codename": "delete_researcher"}}, {"model": "auth.permission", "pk": 70, "fields": {"name": "Can add name", "content_type": 24, "codename": "add_name"}}, {"model": "auth.permission", "pk": 71, "fields": {"name": "Can change name", "content_type": 24, "codename": "change_name"}}, {"model": "auth.permission", "pk": 72, "fields": {"name": "Can delete name", "content_type": 24, "codename": "delete_name"}}, {"model": "auth.permission", "pk": 73, "fields": {"name": "Can add paper", "content_type": 25, "codename": "add_paper"}}, {"model": "auth.permission", "pk": 74, "fields": {"name": "Can change paper", "content_type": 25, "codename": "change_paper"}}, {"model": "auth.permission", "pk": 75, "fields": {"name": "Can delete paper", "content_type": 25, "codename": "delete_paper"}}, {"model": "auth.permission", "pk": 76, "fields": {"name": "Can add OAI source", "content_type": 26, "codename": "add_oaisource"}}, {"model": "auth.permission", "pk": 77, "fields": {"name": "Can change OAI source", "content_type": 26, "codename": "change_oaisource"}}, {"model": "auth.permission", "pk": 78, "fields": {"name": "Can delete OAI source", "content_type": 26, "codename": "delete_oaisource"}}, {"model": "auth.permission", "pk": 79, "fields": {"name": "Can add OAI record", "content_type": 27, "codename": "add_oairecord"}}, {"model": "auth.permission", "pk": 80, "fields": {"name": "Can change OAI record", "content_type": 27, "codename": "change_oairecord"}}, {"model": "auth.permission", "pk": 81, "fields": {"name": "Can delete OAI record", "content_type": 27, "codename": "delete_oairecord"}}, {"model": "auth.permission", "pk": 82, "fields": {"name": "Can add Paper World", "content_type": 28, "codename": "add_paperworld"}}, {"model": "auth.permission", "pk": 83, "fields": {"name": "Can change Paper World", "content_type": 28, "codename": "change_paperworld"}}, {"model": "auth.permission", "pk": 84, "fields": {"name": "Can delete Paper World", "content_type": 28, "codename": "delete_paperworld"}}, {"model": "auth.permission", "pk": 85, "fields": {"name": "Can add Uploaded PDF", "content_type": 29, "codename": "add_uploadedpdf"}}, {"model": "auth.permission", "pk": 86, "fields": {"name": "Can change Uploaded PDF", "content_type": 29, "codename": "change_uploadedpdf"}}, {"model": "auth.permission", "pk": 87, "fields": {"name": "Can delete Uploaded PDF", "content_type": 29, "codename": "delete_uploadedpdf"}}, {"model": "auth.permission", "pk": 88, "fields": {"name": "Can add repository", "content_type": 30, "codename": "add_repository"}}, {"model": "auth.permission", "pk": 89, "fields": {"name": "Can change repository", "content_type": 30, "codename": "change_repository"}}, {"model": "auth.permission", "pk": 90, "fields": {"name": "Can delete repository", "content_type": 30, "codename": "delete_repository"}}, {"model": "auth.permission", "pk": 91, "fields": {"name": "Can add deposit record", "content_type": 31, "codename": "add_depositrecord"}}, {"model": "auth.permission", "pk": 92, "fields": {"name": "Can change deposit record", "content_type": 31, "codename": "change_depositrecord"}}, {"model": "auth.permission", "pk": 93, "fields": {"name": "Can delete deposit record", "content_type": 31, "codename": "delete_depositrecord"}}, {"model": "auth.permission", "pk": 94, "fields": {"name": "Can add notification", "content_type": 32, "codename": "add_notification"}}, {"model": "auth.permission", "pk": 95, "fields": {"name": "Can change notification", "content_type": 32, "codename": "change_notification"}}, {"model": "auth.permission", "pk": 96, "fields": {"name": "Can delete notification", "content_type": 32, "codename": "delete_notification"}}, {"model": "auth.permission", "pk": 97, "fields": {"name": "Can add notification archive", "content_type": 33, "codename": "add_notificationarchive"}}, {"model": "auth.permission", "pk": 98, "fields": {"name": "Can change notification archive", "content_type": 33, "codename": "change_notificationarchive"}}, {"model": "auth.permission", "pk": 99, "fields": {"name": "Can delete notification archive", "content_type": 33, "codename": "delete_notificationarchive"}}, {"model": "auth.permission", "pk": 100, "fields": {"name": "Can add inbox", "content_type": 34, "codename": "add_inbox"}}, {"model": "auth.permission", "pk": 101, "fields": {"name": "Can change inbox", "content_type": 34, "codename": "change_inbox"}}, {"model": "auth.permission", "pk": 102, "fields": {"name": "Can delete inbox", "content_type": 34, "codename": "delete_inbox"}}, {"model": "papers.researcher", "pk": 1, "fields": {"name": 1, "user": null, "department": 1, "email": null, "homepage": null, "role": null, "orcid": null, "empty_orcid_profile": null, "last_harvest": null, "harvester": null, "current_task": null, "stats": 1}}, {"model": "papers.researcher", "pk": 2, "fields": {"name": 2, "user": null, "department": 1, "email": null, "homepage": null, "role": null, "orcid": null, "empty_orcid_profile": null, "last_harvest": null, "harvester": null, "current_task": null, "stats": 2}}, {"model": "papers.researcher", "pk": 3, "fields": {"name": 3, "user": null, "department": 2, "email": null, "homepage": null, "role": null, "orcid": "0000-0002-7977-4441", "empty_orcid_profile": false, "last_harvest": null, "harvester": null, "current_task": null, "stats": 3}}, {"model": "papers.researcher", "pk": 4, "fields": {"name": 4, "user": null, "department": 2, "email": null, "homepage": null, "role": null, "orcid": "0000-0002-8612-8827", "empty_orcid_profile": null, "last_harvest": null, "harvester": null, "current_task": null, "stats": 4}}, {"model": "papers.researcher", "pk": 5, "fields": {"name": 5, "user": null, "department": null, "email": null, "homepage": null, "role": null, "orcid": null, "empty_orcid_profile": null, "last_harvest": null, "harvester": null, "current_task": null, "stats": 5}}]