<?xml version='1.0' encoding='utf-8'?>
<mets:mets xmlns:atom="http://www.w3.org/2005/Atom" xmlns:ds="https://dissem.in/deposit/terms/" xmlns:mets="http://www.loc.gov/METS/" xmlns:xlink="http://www.w3.org/1999/xlink" xmlns:xsi="http://www.w3.org/2001/XMLSchema-instance" xmlns:mods="http://www.loc.gov/mods/v3">
  <mets:metsHdr>
    <mets:agent ROLE="CREATOR" TYPE="ORGANIZATION">
      <mets:name>Dissemin</mets:name>
    </mets:agent>
  </mets:metsHdr>
  <mets:dmdSec ID="d_dmd_1">
    <mets:mdWrap MDTYPE="OTHER" OTHERMDTYPE="DSMODS">
      <mets:xmlData>
        <mods:mods version="3.7">
          <mods:relatedItem>
            <mods:part>
              <mods:detail type="volume">
                <mods:number>20</mods:number>
              </mods:detail>
              <mods:detail type="issue">
                <mods:number>1</mods:number>
              </mods:detail>
            </mods:part>
            <mods:titleInfo>
              <mods:title>Electronic Journal of Linear Algebra</mods:title>
            </mods:titleInfo>
          </mods:relatedItem>
          <mods:abstract>In this paper, we analyze the process of assembling new matrix geometric means from existing ones, through function composition or limit processes. We show that for n a new matrix mean exists which is simpler to compute than the existing ones. Moreover, we show that for n the existing proving strategies cannot provide a mean computationally simpler than the existing ones.</mods:abstract>
          <mods:originInfo>
            <mods:dateIssued encoding="w3cdtf">2010-01-01</mods:dateIssued>
            <mods:publisher>University of Wyoming Libraries</mods:publisher>
          </mods:originInfo>
          <mods:identifier type="doi">10.13001/1081-3810.1385</mods:identifier>
          <mods:language>
            <mods:languageTerm type="code" authority="rfc3066">en</mods:languageTerm>
          </mods:language>
          <mods:classification authority="ddc">510</mods:classification>
          <mods:name type="personal">
            <mods:namePart type="family">Poloni</mods:namePart>
            <mods:namePart type="given">Federico G.</mods:namePart>
          </mods:name>
          <mods:titleInfo>
            <mods:title>Constructing matrix geometric means</mods:title>
          </mods:titleInfo>
          <mods:genre>journal-article</mods:genre>
        </mods:mods>
      </mets:xmlData>
    </mets:mdWrap>
  </mets:dmdSec>
  <mets:amdSec ID="d_amd_1">
    <mets:rightsMD ID="d_rightsmd_1">
      <mets:mdWrap MDTYPE="OTHER">
        <mets:xmlData>
          <ds:dissemin version="1.0">
            <ds:depositor>
              <ds:authentication>orcid</ds:authentication>
              <ds:firstName>Gottfried</ds:firstName>
              <ds:lastName>Leibniz</ds:lastName>
              <ds:email>gottfried.leibniz@tib.eu</ds:email>
              <ds:orcid>2543-2454-2345-234X</ds:orcid>
              <ds:isContributor>false</ds:isContributor>
            </ds:depositor>
            <ds:publication>
              <ds:license>
                <ds:licenseName>Creative Commons Attribution 4.0 International (CC BY 4.0)</ds:licenseName>
                <ds:licenseURI>https://creativecommons.org/licenses/by/4.0/</ds:licenseURI>
                <ds:licenseTransmitId>cc_by-40</ds:licenseTransmitId>
              </ds:license>
              <ds:disseminId>8</ds:disseminId>
              <ds:embargoDate>2020-10-10</ds:embargoDate>
            </ds:publication>
          </ds:dissemin>
        </mets:xmlData>
      </mets:mdWrap>
    </mets:rightsMD>
  </mets:amdSec>
  <mets:fileSec>
    <mets:fileGrp USE="CONTENT">
      <mets:file ID="d_file_1">
        <mets:FLocat xlink:href="document.pdf" LOCTYPE="URL"/>
      </mets:file>
    </mets:fileGrp>
  </mets:fileSec>
  <mets:structMap>
    <mets:div DMDID="d_dmd_1">
      <mets:div>
        <mets:fptr FILEID="d_file_1"/>
      </mets:div>
    </mets:div>
  </mets:structMap>
</mets:mets>
