<?xml version='1.0' encoding='utf-8'?>
<mets xmlns="http://www.loc.gov/METS/" xmlns:ds="https://dissem.in/deposit/terms/" xmlns:xlink="http://www.w3.org/1999/xlink" xmlns:xsi="http://www.w3.org/2001/XMLSchema-instance" xmlns:mods="http://www.loc.gov/mods/v3">
  <metsHdr>
    <agent ROLE="CREATOR" TYPE="ORGANIZATION">
      <name>Dissemin</name>
    </agent>
  </metsHdr>
  <dmdSec ID="d_dmd_1">
    <mdWrap MDTYPE="OTHER">
      <xmlData>
        <mods:mods version="3.7">
          <mods:relatedItem>
            <mods:titleInfo>
              <mods:title>Communications in Computer and Information Science</mods:title>
            </mods:titleInfo>
          </mods:relatedItem>
          <mods:abstract>Feature Models (FMs) have been introduced in the domain of Software Product Lines (SPL) to model and represent product variability. They have become a de facto standard, based on a logical tree structure accompanied by textual cross-tree constraints. Other representations are: (product) configuration sets from concrete software product lines, logical representations, constraint programming, or conceptual structures, coming from the Formal Concept Analysis (FCA) framework. Modeling variability through FMs may consist in extracting them from configuration sets (namely, doing FM synthesis), or designing them in several steps potentially involving several teams with different concerns. FM composition is useful in this design activity as it may assist FM iterative building. In this paper, we describe an approach, based on a configuration set and focusing on two main composition semantics (union, intersection), to assist designers in FM composition. We also introduce an approximate intersection notion. FCA is used to represent, for a product family, all the FMs that have the same configuration set through a canonical form. The approach is able to take into account cross-tree constraints and FMs with different feature sets and tree structure, thus it lets the expert free of choosing a different ontological interpretation. We describe the implementation of our approach and we present a set of concrete examples.</mods:abstract>
          <mods:originInfo>
            <mods:dateIssued encoding="w3cdtf">2019-06-13</mods:dateIssued>
            <mods:publisher>Springer International Publishing</mods:publisher>
          </mods:originInfo>
          <mods:identifier type="doi">10.1007/978-3-319-94135-6_6</mods:identifier>
          <mods:language>
            <mods:languageTerm type="code" authority="rfc3066">en</mods:languageTerm>
          </mods:language>
          <mods:classification authority="ddc">000</mods:classification>
          <mods:name type="personal">
            <mods:namePart type="family">Carbonnel</mods:namePart>
            <mods:namePart type="given">Jessie</mods:namePart>
          </mods:name>
          <mods:name type="personal">
            <mods:namePart type="family">Huchard</mods:namePart>
            <mods:namePart type="given">Marianne</mods:namePart>
          </mods:name>
          <mods:name type="personal">
            <mods:namePart type="family">Miralles</mods:namePart>
            <mods:namePart type="given">André</mods:namePart>
          </mods:name>
          <mods:name type="personal">
            <mods:namePart type="family">Nebut</mods:namePart>
            <mods:namePart type="given">Clémentine</mods:namePart>
          </mods:name>
          <mods:titleInfo>
            <mods:title>Assisting Configurations-Based Feature Model Composition</mods:title>
          </mods:titleInfo>
          <mods:genre>other</mods:genre>
        </mods:mods>
      </xmlData>
    </mdWrap>
  </dmdSec>
  <amdSec ID="d_amd_1">
    <rightsMD ID="d_rightsmd_1">
      <mdWrap MDTYPE="OTHER">
        <xmlData>
          <ds:dissemin version="1.0">
            <ds:depositor>
              <ds:authentication>orcid</ds:authentication>
              <ds:firstName>Gottfried</ds:firstName>
              <ds:lastName>Leibniz</ds:lastName>
              <ds:email>gottfried.leibniz@tib.eu</ds:email>
              <ds:orcid>2543-2454-2345-234X</ds:orcid>
              <ds:isContributor>false</ds:isContributor>
            </ds:depositor>
            <ds:publication>
              <ds:license>
                <ds:licenseName>Creative Commons Attribution 4.0 International (CC BY 4.0)</ds:licenseName>
                <ds:licenseURI>https://creativecommons.org/licenses/by/4.0/</ds:licenseURI>
                <ds:licenseTransmitId>cc_by-40</ds:licenseTransmitId>
              </ds:license>
              <ds:disseminId>11</ds:disseminId>
            </ds:publication>
          </ds:dissemin>
        </xmlData>
      </mdWrap>
    </rightsMD>
  </amdSec>
  <fileSec>
    <fileGrp>
      <file ID="d_file_1">
        <FLocat xlink:href="document.pdf" LOCTYPE="URL"/>
      </file>
    </fileGrp>
  </fileSec>
  <structMap>
    <div DMDID="d_dmd_1">
      <div>
        <fptr FILEID="d_file_1"/>
      </div>
    </div>
  </structMap>
</mets>
