<?xml version='1.0' encoding='utf-8'?>
<mets:mets xmlns:mets="http://www.loc.gov/METS/" xmlns:ds="https://dissem.in/deposit/terms/" xmlns:xlink="http://www.w3.org/1999/xlink" xmlns:xsi="http://www.w3.org/2001/XMLSchema-instance" xmlns:mods="http://www.loc.gov/mods/v3">
  <mets:metsHdr>
    <mets:agent ROLE="CREATOR" TYPE="ORGANIZATION">
      <mets:name>Dissemin</mets:name>
    </mets:agent>
  </mets:metsHdr>
  <mets:dmdSec ID="d_dmd_1">
    <mets:mdWrap MDTYPE="OTHER">
      <mets:xmlData>
        <mods:mods version="3.7">
          <mods:relatedItem>
            <mods:titleInfo>
              <mods:title>Proceedings of the 2nd ACM SIGCHI symposium on Engineering interactive computing systems - EICS '10</mods:title>
            </mods:titleInfo>
          </mods:relatedItem>
          <mods:abstract>Knowledge-intensive tasks are a blind spot for business process management systems, as these tasks are executed in an unsupervised, highly individual manner. Hence, individual experience is not disseminated and task execution largely depends on implicit knowledge. In this paper we present a framework, realizing situation-specific and personalized task execution support for knowledge-intensive tasks in business processes. As a core concept we suggest activity scheme: a structure capturing a probabilistic task execution model. Activity schemes seamlessly integrate the organizational business process with the individual task execution process based on personalization and generalization of user interactions in the working applications.</mods:abstract>
          <mods:originInfo>
            <mods:dateIssued encoding="w3cdtf">2010-01-01</mods:dateIssued>
            <mods:publisher>Association for Computing Machinery (ACM)</mods:publisher>
          </mods:originInfo>
          <mods:identifier type="doi">10.1145/1822018.1822057</mods:identifier>
          <mods:language>
            <mods:languageTerm type="code" authority="rfc3066">en</mods:languageTerm>
          </mods:language>
          <mods:classification authority="ddc">330</mods:classification>
          <mods:name type="personal">
            <mods:namePart type="family">Schmidt</mods:namePart>
            <mods:namePart type="given">Benedikt</mods:namePart>
          </mods:name>
          <mods:name type="personal">
            <mods:namePart type="family">Stoitsev</mods:namePart>
            <mods:namePart type="given">Todor</mods:namePart>
          </mods:name>
          <mods:name type="personal">
            <mods:namePart type="family">Mühlhäuser</mods:namePart>
            <mods:namePart type="given">Max</mods:namePart>
          </mods:name>
          <mods:titleInfo>
            <mods:title>Activity-centric support for weakly-structured business processes</mods:title>
          </mods:titleInfo>
          <mods:genre>proceedings-article</mods:genre>
        </mods:mods>
      </mets:xmlData>
    </mets:mdWrap>
  </mets:dmdSec>
  <mets:amdSec ID="d_amd_1">
    <mets:rightsMD ID="d_rightsmd_1">
      <mets:mdWrap MDTYPE="OTHER">
        <mets:xmlData>
          <ds:dissemin version="1.0">
            <ds:depositor>
              <ds:authentication>orcid</ds:authentication>
              <ds:firstName>Gottfried</ds:firstName>
              <ds:lastName>Leibniz</ds:lastName>
              <ds:email>gottfried.leibniz@tib.eu</ds:email>
              <ds:orcid>2543-2454-2345-234X</ds:orcid>
              <ds:isContributor>false</ds:isContributor>
            </ds:depositor>
            <ds:publication>
              <ds:license>
                <ds:licenseName>Creative Commons Attribution 4.0 International (CC BY 4.0)</ds:licenseName>
                <ds:licenseURI>https://creativecommons.org/licenses/by/4.0/</ds:licenseURI>
                <ds:licenseTransmitId>cc_by-40</ds:licenseTransmitId>
              </ds:license>
              <ds:disseminId>15</ds:disseminId>
            </ds:publication>
          </ds:dissemin>
        </mets:xmlData>
      </mets:mdWrap>
    </mets:rightsMD>
  </mets:amdSec>
  <mets:fileSec>
    <mets:fileGrp>
      <mets:file ID="d_file_1">
        <mets:FLocat xlink:href="document.pdf" LOCTYPE="URL"/>
      </mets:file>
    </mets:fileGrp>
  </mets:fileSec>
  <mets:structMap>
    <mets:div DMDID="d_dmd_1">
      <mets:div>
        <mets:fptr FILEID="d_file_1"/>
      </mets:div>
    </mets:div>
  </mets:structMap>
</mets:mets>
